input,model,top0,top1,top10,top11,top12,top13,top14,top15,top16,top17,top18,top19,top2,top3,top4,top5,top6,top7,top8,top9
公积金能不能在这里办,topic,能否办公积金,可不可以办公积金,告诉我可不可以办理公积金,告诉我能否办理公积金,能否帮助我办理公积金汇缴,可不可以帮助我办理公积金汇缴,告诉我可不可以办公积金,告诉我能否办公积金,可不可以指导我办理公积金,能否指导我办理公积金,能否指导我办公积金,可不可以指导我办公积金,可不可以帮助我办理公积金,能否帮助我办理公积金,能否帮助我办公积金,可不可以帮助我办公积金,能否办一下公积金,可不可以办一下公积金,可不可以办理公积金,能否办理公积金
公积金能不能在这里办,dssm,叫号机在哪，怎么走,叫号机在哪,手机银行的安全性如何,想开黄金账户,想开一下黄金账户,想开建行卡,建房批文是什么,建房批文是啥,什么是建房批文,想开基本户,想开一下电话银行,想开电话银行,《就业失业手册》在哪里领,自助机在哪里,可以用手机银行排号吗,手机银行可以交保险费吗,手机银行可以交保费吗,叫号机在什么地方,龙支付定义,不想用手机银行了
公积金能不能在这里办,tfidf,能不能办公积金,能不能办公积金业务,这里能办公积金,能不能办公积金缴纳,能不能办存公积金,能不能办缴公积金业务,能不能办公积金缴纳业务,告诉能不能办公积金业务,能不能指导办公积金业务,能不能办存公积金业务,能不能办公积金交费业务,能不能办公积金缴存业务,能不能指导办公积金,能不能帮助办公积金,告诉能不能办公积金,能不能办提公积金,能不能办公积金交费,能不能办公积金提取,能不能办缴公积金,能不能办公积金缴存
啊那个你能不能告诉我一下怎么取出来公积金,topic,告诉我怎么办一下公积金,告诉我怎么办一下公积金汇缴,告诉我可不可以存公积金,告诉我能否缴公积金,告诉我可不可以缴公积金,告诉我能否汇缴公积金,告诉我可不可以汇缴公积金,告诉我怎么办一下公积金缴纳,告诉我怎么办一下公积金缴存,告诉我可不可以提取公积金,告诉我能否提取公积金,告诉我怎么办一下印公积金缴存证明,告诉我怎么办一下存公积金,告诉我怎么办一下缴公积金,告诉我怎么办一下公积金提取,告诉我怎么办一下公积金交费,告诉我怎么办一下提公积金,告诉我可不可以提公积金,告诉我能否提公积金,告诉我能否存公积金
啊那个你能不能告诉我一下怎么取出来公积金,dssm,叫号机在哪，怎么走,叫号机在哪,手机银行可以交保费吗,可以用手机银行排号吗,不想用手机银行了,我有带护照想开建行卡,注销动账提醒,手机银行的安全性如何,我来领《就业失业手册》,介绍啥是建房批文,介绍叫号机,介绍一下龙支付,测试删除12123,测试删除12123,《就业失业手册》在哪里领,自助机在哪里,叫号机在什么地方,龙支付定义,注销电话银行,手机银行可以交保险费吗
啊那个你能不能告诉我一下怎么取出来公积金,tfidf,告诉能不能存公积金,告诉能不能提取公积金,告诉能不能修改密码公积金,告诉能不能办理公积金交费,告诉能不能办公积金提取,告诉能不能办缴公积金,告诉能不能办提公积金,告诉能不能办公积金交费,告诉能不能办理公积金提取,告诉能不能办公积金缴存,告诉能不能办理公积金缴存,告诉能不能办理提公积金,告诉能不能办理公积金,告诉能不能缴公积金,告诉能不能办公积金,告诉能不能提公积金,告诉能不能办公积金业务,告诉能不能办理公积金业务,告诉怎么办公积金,告诉怎么办公积金业务
这里能不能办公积金,topic,能否办公积金,可不可以办公积金,可不可以办理缴公积金,能否办理缴公积金,能否办理公积金汇缴,可不可以办理公积金汇缴,告诉我可不可以办理公积金,告诉我能否办理公积金,能否办一下缴公积金,可不可以办一下缴公积金,告诉我能否办公积金,告诉我可不可以办公积金,能否办理公积金,可不可以办理公积金,能否办一下公积金,可不可以办一下公积金,能否帮助我办理公积金,可不可以帮助我办理公积金,能否帮助我办公积金,可不可以帮助我办公积金
这里能不能办公积金,dssm,叫号机在什么地方,手机银行可以交保险费吗,想开建行卡,叫号机什么样子的,手机银行交煤气费,手机银行交水电煤气费,想开通电话,想开电话银行,想开一下电话银行,什么是建房批文,建房批文是什么,建房批文是啥,手机银行可以交保费吗,不想用手机银行了,龙支付定义,手机银行的安全性如何,叫号机在哪，怎么走,叫号机在哪,想开黄金账户,想开一下黄金账户
这里能不能办公积金,tfidf,能不能办公积金,能不能办公积金业务,能不能办缴公积金,能不能帮助办公积金,能不能指导办公积金,能不能办公积金缴纳业务,能不能办公积金缴存业务,能不能办缴公积金业务,能不能办公积金交费业务,能不能办存公积金业务,能不能指导办公积金业务,能不能办公积金提取业务,能不能办公积金交费,能不能办公积金提取,这里能办公积金,能不能办公积金缴存,能不能办公积金缴纳,能不能办存公积金,能不能办提公积金,告诉能不能办公积金
是否能够办公积金,topic,能否办公积金,可不可以办公积金,可不可以办公积金汇缴,能否办公积金汇缴,可不可以办理存公积金,能否办理存公积金,可不可以帮助我办理公积金,能否帮助我办理公积金,可不可以办理公积金交费,能否办理公积金交费,能否办一下缴公积金,可不可以办一下缴公积金,能否办理公积金,可不可以办理公积金,能否办一下公积金,可不可以办一下公积金,能否办理缴公积金,可不可以办理缴公积金,可不可以办理公积金汇缴,能否办理公积金汇缴
是否能够办公积金,dssm,叫号机在什么地方,龙支付定义,介绍啥是建房批文,介绍叫号机,龙支付介绍,介绍一下龙支付,手机银行交煤气费,手机银行交水电煤气费,手机银行怎么交生活费用,手机银行交电费,不用手机银行了,想开电话银行,《就业失业手册》在哪里领,自助机在哪里,叫号机在哪，怎么走,叫号机在哪,手机银行可以交保险费吗,手机银行可以交保费吗,手机银行的安全性如何,不想用手机银行了
是否能够办公积金,tfidf,办公积金,办公积金业务,告诉办公积金,办公积金交费业务,办提公积金业务,办公积金提取业务,办缴公积金业务,告诉办公积金业务,能不能办公积金业务,办存公积金业务,办公积金缴纳业务,办公积金缴存业务,能不能办公积金,办公积金交费,办公积金缴存,办提公积金,办公积金缴纳,办存公积金,办公积金提取,办缴公积金
我需要改一下公积金密码,topic,我需要改公积金密码,我想办一下改公积金密码,这里可以改公积金密码吗,我要修改密码公积金,能否帮助我改公积金密码,可不可以帮助我改公积金密码,告诉我怎样改公积金密码,我想办公积金改密码,我想办改公积金密码,告诉我能不能改公积金密码,告诉我怎么改公积金密码,告诉我如何改公积金密码,我想办一下公积金改密码,我需要修改密码公积金,我要改公积金密码,想办一下公积金改密码,想办一下改公积金密码,我想办一下公积金修改密码,我想改公积金密码,我想要改公积金密码
我需要改一下公积金密码,dssm,手机银行的安全性如何,不知道什么是叫号机,什么是叫号机,叫号机,我要领《就业失业手册》,什么是建房批文,建房批文是什么,建房批文是啥,手机银行怎么交生活费用,叫号机什么样子的,想开一般户,想开基本户,我不知道叫号机,哪里找叫号机,客服电话,不用手机银行了,领一下《就业失业手册》,怎么领《就业失业手册》,想开黄金账户,想开一下黄金账户
我需要改一下公积金密码,tfidf,改公积金密码,怎么办改公积金密码,办理公积金改密码,办公积金改密码,办公积金改密码业务,告诉怎么办公积金改密码,告诉怎么办改公积金密码,办改公积金密码业务,办理公积金改密码业务,办理改公积金密码业务,告诉怎么办公积金改密码业务,告诉怎么办改公积金密码业务,怎么办公积金改密码,公积金改密码业务,怎么办改公积金密码业务,怎么办公积金改密码业务,办改公积金密码,能不能改公积金密码,办理改公积金密码,告诉改公积金密码
我有带外国人永久居留证能不能开通银行卡,topic,我有带外国人永久居留证能否开通银行卡,我有带外国人永久居留证可不可以开通银行卡,我有带外国人永久居留证告诉我开通银行卡,我有带外国人永久居留证帮助我开通银行卡,我有带外国人永久居留证帮我开通银行卡,我有带外国人永久居留证能不能开通银行卡,我有带外国人永久居留证需要开通银行卡,我有带外国人永久居留证指导我开通银行卡,我有带外国人永久居留证是否能够开通银行卡,我有带外国人永久居留证能否开银行卡,我有带外国人永久居留证可不可以开银行卡,我有带外国人永久居留证可不可以申请银行卡,我有带外国人永久居留证给我开通银行卡,我有带外国人永久居留证怎样开通银行卡,我有带外国人永久居留证要开通银行卡,我有带外国人永久居留证想要开通银行卡,我有带外国人永久居留证想开通银行卡,我有带外国人永久居留证可以开通银行卡,我有带外国人永久居留证怎么开通银行卡,我有带外国人永久居留证如何开通银行卡
我有带外国人永久居留证能不能开通银行卡,dssm,注销电话银行,想开建行卡,想开通电话,不知道什么是叫号机,我不知道叫号机,不用手机银行了,什么是龙支付,龙支付是啥,龙支付是什么,叫号机位置,叫号机什么样子的,什么是叫号机,想开一下黄金账户,想开黄金账户,想开一下龙支付,想开龙支付,想开基本户,想开电话银行,想开一下电话银行,想开一般户
我有带外国人永久居留证能不能开通银行卡,tfidf,带外国人永久居留证能不能开通银行卡,带外国人永久居留证开通银行卡,带外国人永久居留证能不能申请银行卡,带外国人永久居留证给开通银行卡,带外国人永久居留证能不能开银行卡,带外国人永久居留证告诉开通银行卡,带外国人永久居留证指导开通银行卡,带外国人永久居留证帮开通银行卡,带外国人永久居留证怎么办银行卡,带外国人永久居留证能不能开卡,带外国人永久居留证能不能开户,带外国人永久居留证办理银行卡,带外国人永久居留证能不能办银行卡,带外国人永久居留证帮助开通银行卡,带外国人永久居留证能不能办理银行卡,带外国人永久居留证能不能开立银行卡,带外国人永久居留证能不能开通卡,带外国人永久居留证能开通银行卡,带外国人永久居留证能不能开通建行卡,带外国人永久居留证能不能开通账户
办银行卡忘记身份证,topic,忘记带身份证怎样办理银行卡,忘记带身份证给我办理银行卡,有身份证想要办银行卡,忘记带身份证想办理银行卡,忘记带身份证怎么办理银行卡,忘记带身份证如何办理银行卡,忘记带身份证可以办银行卡,忘记带身份证要办理银行卡,有身份证给我办理银行卡,忘记带身份证要办银行卡,忘记带身份证如何办银行卡,有身份证想要办理银行卡,忘记带身份证怎样办银行卡,忘记带身份证给我办银行卡,有身份证怎样办银行卡,有身份证给我办银行卡,忘记带身份证想要办理银行卡,忘记带身份证可以办理银行卡,有身份证怎样办理银行卡,忘记带身份证想要办银行卡
办银行卡忘记身份证,dssm,手机银行的安全性如何,想开龙支付,不知道什么是叫号机,我不知道叫号机,客服电话,叫号机什么样子的,叫号机位置,叫号机,什么是叫号机,想开基本户,想开黄金账户,想开一下黄金账户,想开一下龙支付,想开建行卡,什么是龙支付,龙支付是什么,龙支付是啥,想开通电话,想开电话银行,想开一下电话银行
办银行卡忘记身份证,tfidf,忘记带身份证办银行卡,身份证办银行卡,没有身份证办银行卡,身份证能不能办银行卡,身份证能办银行卡,身份证告诉办银行卡,身份证帮办银行卡,带身份证办银行卡,身份证给办银行卡,身份证帮助办银行卡,忘记带身份证怎么办银行卡,办银行卡,忘记带身份证指导办银行卡,忘记带身份证能不能办银行卡,忘记带身份证给办银行卡,忘记带身份证帮办银行卡,忘记带身份证能办银行卡,忘记带身份证告诉办银行卡,忘记带身份证帮助办银行卡,身份证指导办银行卡
我要提取公积金,topic,我要提取公积金,我想要提取公积金,告诉我怎样提取公积金,如何提取公积金,怎么提取公积金,想办公积金提取,什么时候可以来提取公积金,这里可以提取公积金吗,能不能提取公积金,告诉我如何提取公积金,告诉我怎么提取公积金,可不可以提取公积金,我想提取公积金,我想办公积金提取,我需要提取公积金,想提取公积金,想要提取公积金,我想办一下公积金提取,怎样提取公积金,想办一下公积金提取
我要提取公积金,dssm,手机银行的安全性如何,哪里找叫号机,想开通电话,领一下《就业失业手册》,怎么领《就业失业手册》,叫号机位置,我要领《就业失业手册》,手机银行交电费,想开一下电话银行,想开电话银行,手机银行怎么交生活费用,想开基本户,我不知道叫号机,不知道什么是叫号机,客服电话,叫号机什么样子的,叫号机,什么是叫号机,手机银行交煤气费,手机银行交水电煤气费
我要提取公积金,tfidf,公积金提取,提取公积金,能不能提取公积金,代办公积金提取,移居国外提取公积金,预约提取公积金,办理公积金提取业务,告诉怎么办公积金提取,办公积金提取业务,告诉怎么办公积金提取业务,能不能办理公积金提取,未预约公积金提取,怎么办公积金提取,公积金提取业务,怎么办公积金提取业务,办理公积金提取,告诉提取公积金,移民提取公积金,公积金提取申请表,办公积金提取
临时身份证办卡,topic,有带临时身份证怎样办卡,有带临时身份证给我办卡,有身份证想办卡,有身份证要办卡,有带临时身份证能否办卡,有带临时身份证可不可以办卡,有身份证可以办卡,有身份证如何办卡,有带临时身份证需要办卡,有带临时身份证帮助我办卡,有身份证需要办卡,有带临时身份证指导我办卡,有带临时身份证想要办卡,有带临时身份证如何办卡,有带临时身份证想办卡,有身份证怎样办卡,有带临时身份证可以办卡,有带临时身份证要办卡,有身份证想要办卡,有身份证给我办卡
临时身份证办卡,dssm,手机银行的安全性如何,叫号机,手机银行交电费,客服电话,手机银行交水电煤气费,手机银行交煤气费,我要领《就业失业手册》,手机银行怎么交交通违章罚款,想开通电话,手机银行交保费,手机银行怎么交保险费,手机银行怎么交保费,什么是叫号机,叫号机什么样子的,哪里找叫号机,叫号机位置,我不知道叫号机,不知道什么是叫号机,领一下《就业失业手册》,怎么领《就业失业手册》
临时身份证办卡,tfidf,带临时身份证办卡,身份证办卡,办卡这身份证,身份证给办卡,身份证指导办卡,身份证帮办卡,身份证告诉办卡,身份证能办卡,带身份证办卡,身份证能不能办卡,没有身份证办卡,带临时身份证开户,带临时身份证指导办卡,带临时身份证给办卡,带临时身份证能办卡,带临时身份证告诉办卡,带临时身份证帮办卡,带临时身份证帮助办卡,带临时身份证能不能办卡,身份证帮助办卡
公积金取出来,topic,公积金,想办公积金,想要汇缴公积金,想办公积金缴存,想办公积金汇缴,想汇缴公积金,存公积金,怎么缴公积金,如何缴公积金,怎样汇缴公积金,想要提取公积金,想办一下公积金缴存,缴公积金,汇缴公积金,提取公积金,公积金提取,想要缴公积金,怎样缴公积金,想办公积金提取,想办缴公积金
公积金取出来,dssm,不知道什么是叫号机,我不知道叫号机,手机银行交电费,手机银行交水电煤气费,手机银行怎么交生活费用,手机银行交煤气费,我要领《就业失业手册》,想开通电话,叫号机位置,什么是建房批文,建房批文是什么,建房批文是啥,手机银行的安全性如何,哪里找叫号机,客服电话,领一下《就业失业手册》,怎么领《就业失业手册》,什么是叫号机,叫号机,叫号机什么样子的
公积金取出来,tfidf,公积金,怎么办公积金,来领住房公积金补缴清册,提公积金来租房子写资料,能预约时候来提公积金,能预约时候来提取公积金,能预约时间段来提公积金,能预约时间段来提取公积金,妈去世把他公积金拿出来,来领住房公积金汇缴书,奶奶不在把他公积金拿出来,奶奶去世把他公积金拿出来,公积金业务,怎么办公积金业务,时候能来提取公积金,来提取公积金之前预约,提取公积金来安电梯,时候能来提公积金,提公积金来租房子写材料,预约今天来提公积金办理
公积金交费,topic,想办公积金交费,我想办公积金交费,缴公积金,想办缴公积金,想要汇缴公积金,怎样汇缴公积金,想办公积金缴纳,怎样缴公积金,想汇缴公积金,我想办公积金缴存,怎么办一下公积金交费,想办一下公积金缴存,想办一下公积金交费,怎么办公积金交费,汇缴公积金,我想办一下公积金交费,想办公积金汇缴,公积金,想办公积金,想办公积金缴存
公积金交费,dssm,手机银行交煤气费,哪里找叫号机,我要领《就业失业手册》,手机银行交电费,建房批文是啥,建房批文是什么,什么是建房批文,手机银行怎么交保险费,手机银行交保费,手机银行交保险费,手机银行怎么交保费,想开建行卡,领一下《就业失业手册》,怎么领《就业失业手册》,手机银行交水电煤气费,手机银行怎么交生活费用,不用手机银行了,想开黄金账户,想开一下黄金账户,叫号机什么样子的
公积金交费,tfidf,怎么办公积金交费,公积金交费业务,告诉办理公积金交费,告诉办公积金交费,公积金,能不能办公积金交费,能不能办公积金交费业务,告诉办理公积金交费业务,告诉办公积金交费业务,能不能办理公积金交费业务,怎么办公积金,公积金业务,怎么办公积金交费业务,办理公积金交费,办公积金交费,办理公积金交费业务,告诉怎么办公积金交费,办公积金交费业务,告诉怎么办公积金交费业务,能不能办理公积金交费
我来交公积金,topic,我想办公积金,我想办缴公积金,怎样缴公积金,想办一下公积金,想办一下缴公积金,我想办一下公积金缴存,我想办一下缴公积金,想办缴公积金,我想办公积金缴纳,我想汇缴公积金,我想办一下公积金,想要缴公积金,我要缴公积金,我想办公积金汇缴,我想要缴公积金,我想要汇缴公积金,我想办公积金缴存,我要汇缴公积金,想办公积金,我想缴公积金
我来交公积金,dssm,手机银行的安全性如何,客服电话,想开通电话,手机银行交水电煤气费,叫号机什么样子的,什么是建房批文,建房批文是啥,建房批文是什么,手机银行交煤气费,叫号机位置,不用手机银行了,手机银行交电费,我不知道叫号机,不知道什么是叫号机,什么是叫号机,叫号机,哪里找叫号机,领一下《就业失业手册》,怎么领《就业失业手册》,手机银行怎么交生活费用
我来交公积金,tfidf,公积金,复印交公积金证明,能不能复印交公积金证明,告诉怎么办复印交公积金证明,办复印交公积金证明业务,办理复印交公积金证明业务,告诉怎么办复印交公积金证明业务,这里能复印交公积金证明,能不能办复印交公积金证明,告诉能不能复印交公积金证明,提公积金交房租准备资料,提公积金交房租准备材料,怎么办复印交公积金证明,怎么办复印交公积金证明业务,怎么办公积金,公积金业务,怎么办公积金业务,办复印交公积金证明,告诉复印交公积金证明,办理复印交公积金证明
开通一下网上银行,topic,怎样开通网银,怎样开通网上银行,如何开通网银,如何开通网上银行,可以给我开通网上银行,可以给我开通网银,可不可以给我开通网银,可不可以给我开通网上银行,需要开通网银,需要开通网上银行,可以告诉我开通网上银行,可以告诉我开通网银,想开通网上银行,想开通网银,想要开通网上银行,想要开通网银,要开通网上银行,要开通网银,怎么开通网上银行,怎么开通网银
开通一下网上银行,dssm,不用手机银行了,想开建行卡,不知道什么是叫号机,想开基本户,想开通电话,叫号机位置,建房批文是啥,建房批文是什么,什么是建房批文,客服电话,龙支付是什么,什么是龙支付,想开一下黄金账户,想开黄金账户,想开龙支付,想开一下龙支付,想开一般户,想开电话银行,想开一下电话银行,我不知道叫号机
开通一下网上银行,tfidf,开通短信,开通账户,开通建行卡,开通卡,开通电话银行,开通短信功能,开通龙支付功能,开通电话银行功能,开通网银功能,开通电话功能,开通黄金账户功能,开通个人网银,开通储蓄卡,开通基本户,开通一般存款账户,开通龙支付,开通网银,开通黄金账户,开通银行卡,开通电话
我要办电话,topic,可以给我办电话,要办电话,可以帮我办理电话,能不能给我办电话,怎样办电话,想要办电话,可以帮助我办理电话,想要办理电话,能不能告诉我办理电话,可不可以给我办理电话,怎样办理电话,想要办一下电话,可以给我办理电话,要办一下电话,要办理电话,可以告诉我办理电话,可以告诉我办电话,能不能给我办理电话,想办理电话,可以给我办一下电话
我要办电话,dssm,叫号机在什么地方,手机银行的安全性如何,什么是龙支付,想开基本户,手机银行可以交保费吗,手机银行可以交保险费吗,想开建行卡,想开一般户,想开一下黄金账户,想开黄金账户,不想用手机银行了,建房批文是啥,想开一下电话银行,想开电话银行,客服电话,想开通电话,想开一下龙支付,想开龙支付,龙支付是什么,龙支付是啥
我要办电话,tfidf,办电话,办电话功能,能不能指导办电话,能帮助办电话,能不能告诉办电话,办银行电话留言,能指导办电话,能帮办电话,办银行电话通知,能不能帮助办电话,能不能给办电话,能不能帮办电话功能,办电话预约,办电话查询,办电话查询功能,办电话预约功能,能告诉办电话,能给办电话,办电话改密码,能不能帮办电话
银行电话留言服务是什么,topic,要开通银行电话留言,想办银行电话留言功能,想开通银行电话留言,手机银行有哪些服务,怎样申请银行电话留言,需要开银行电话留言,怎样开银行电话留言功能,怎样开银行电话留言,可以帮助我开通银行电话留言,要申请银行电话留言,可以指导我开通银行电话留言,想开银行电话留言,怎样开通银行电话留言,怎么开通银行电话留言,如何开通银行电话留言,需要开通银行电话留言,想要开通银行电话留言,可以给我开通银行电话留言,想开银行电话留言功能,想办银行电话留言
银行电话留言服务是什么,dssm,手机银行的安全性如何,想开电话银行,想开通电话,想开一般户,想开一下黄金账户,想开黄金账户,客服电话,想开基本户,我不知道叫号机,不知道什么是叫号机,手机银行怎么交生活费用,手机银行交水电煤气费,想开一下电话银行,想开龙支付,想开一下龙支付,什么是龙支付,龙支付是什么,龙支付是啥,想开建行卡,不用手机银行了
银行电话留言服务是什么,tfidf,怎么办银行电话留言,怎么办银行电话留言功能,开通银行电话留言功能,开立银行电话留言功能,办银行电话留言功能,开银行电话留言功能,办理银行电话留言功能,申请银行电话留言功能,能不能帮申请银行电话留言,能不能告诉开通银行电话留言,能不能指导开立银行电话留言,能不能告诉申请银行电话留言,办理银行电话留言,申请银行电话留言,开银行电话留言,想开银行电话留言,办银行电话留言,开立银行电话留言,开通银行电话留言,想开银行电话留言功能
电话查询银行卡什么的吗,topic,可不可以给我开立电话查询,可不可以帮助我开立电话查询,怎样开立电话查询,能不能给我开立电话查询,我想换银行卡,可不可以帮助我开立电话查询功能,可不可以告诉我开立电话查询功能,可以帮助我开立电话查询,告诉我申请银行卡,我要换银行卡,可以告诉我开立电话查询,可以帮我开立电话查询,怎么办一下电话查询,我想换一下银行卡,怎么办电话查询,可以给我开立电话查询,可不可以给我开立电话查询功能,可不可以告诉我开立电话查询,如何开立电话查询,怎么开立电话查询
电话查询银行卡什么的吗,dssm,叫号机在什么地方,手机银行的安全性如何,想开通电话,手机银行可以交保费吗,手机银行可以交保险费吗,不知道什么是叫号机,我不知道叫号机,不用手机银行了,叫号机什么样子的,想开黄金账户,想开一下黄金账户,想开基本户,什么是龙支付,龙支付是什么,龙支付是啥,想开龙支付,想开一下龙支付,想开电话银行,想开一下电话银行,想开建行卡
电话查询银行卡什么的吗,tfidf,怎么办电话查询,怎么办电话查询功能,想开电话查询功能,申请电话查询功能,开电话查询功能,办电话查询功能,办理电话查询功能,开通电话查询功能,怎么办银行卡,怎么办电话,怎么办电话功能,能帮助开立电话查询,申请电话查询,开电话查询,办理电话查询,开立电话查询,开通电话查询,想开电话查询,办电话查询,开立电话查询功能
怎么样可以电话预约呢,topic,可以给我开一下电话预约,能不能给我开一下电话预约,如何开一下电话预约,能不能告诉我开一下电话预约,能不能给我申请电话预约,能不能告诉我开电话预约,可以告诉我开电话预约,可以给我申请电话预约,可以帮助我开一下电话预约,能不能告诉我申请电话预约,可不可以给我申请电话预约,可以告诉我申请电话预约,想办一下电话预约,怎么办一下电话预约,想开一下电话预约,能不能给我开电话预约,可以给我开电话预约,可以告诉我开一下电话预约,怎样开一下电话预约,怎么开一下电话预约
怎么样可以电话预约呢,dssm,手机银行的安全性如何,叫号机什么样子的,龙支付是啥,龙支付是什么,什么是龙支付,想开一下黄金账户,想开黄金账户,建房批文是啥,什么是建房批文,建房批文是什么,想开一下龙支付,想开龙支付,客服电话,想开一下电话银行,想开电话银行,手机银行怎么交生活费用,叫号机位置,手机银行交电费,想开通电话,手机银行交水电煤气费
怎么样可以电话预约呢,tfidf,怎么办电话预约,怎么办电话预约功能,想开电话预约功能,开通电话预约功能,开立电话预约功能,办电话预约功能,开电话预约功能,申请电话预约功能,怎么办电话,怎么办电话功能,能不能指导申请电话预约,能帮助开通电话预约,开立电话预约,办电话预约,想开电话预约,办理电话预约,开电话预约,申请电话预约,开通电话预约,办理电话预约功能
我想要开一下短信银行功能,topic,想要开一下短信银行功能,可以给我开一下短信银行功能,能不能给我开一下短信银行功能,可以给我开短信银行功能,可不可以给我开一下短信银行功能,可不可以给我开短信银行功能,可以帮我开短信银行功能,可以指导我开一下短信银行功能,能不能告诉我开一下短信银行功能,可以帮助我开短信银行功能,想要开短信银行功能,能不能告诉我开短信银行功能,可以告诉我开一下短信银行功能,怎样开一下短信银行功能,要开一下短信银行功能,如何开一下短信银行功能,怎么开一下短信银行功能,可以告诉我开短信银行功能,可以帮助我开一下短信银行功能,可以帮我开一下短信银行功能
我想要开一下短信银行功能,dssm,手机银行的安全性如何,注销电话银行,想开一下黄金账户,想开黄金账户,想开基本户,叫号机在什么地方,龙支付是啥,龙支付是什么,什么是龙支付,客服电话,不知道什么是叫号机,我不知道叫号机,想开建行卡,想开一下电话银行,想开电话银行,想开一下龙支付,想开龙支付,想开通电话,不用手机银行了,想开一般户
我想要开一下短信银行功能,tfidf,开短信银行功能,开短信银行,能不能告诉开短信银行功能,能不能帮助开短信银行功能,能指导开短信银行功能,能给开短信银行功能,能不能帮开短信银行功能,能不能给开短信银行功能,能不能指导开短信银行功能,能帮助开短信银行功能,能告诉开短信银行,能帮开短信银行,短信银行功能,开短信功能,短信银行功能介绍,怎么办短信银行功能,开短信,怎么办短信银行,能告诉开短信银行功能,能帮开短信银行功能
我是来办一下那个龙支付,topic,可不可以给我办理动账提醒,可不可以给我办一下动账提醒,可不可以告诉我办理网银,可以告诉我办一下网银,可以告诉我办一下网上银行,可不可以告诉我办理动账提醒,可不可以帮助我办理网上银行,可不可以帮助我办理网银,可不可以指导我办一下网银,可不可以指导我办一下网上银行,可不可以告诉我办一下龙支付,可不可以帮助我办理动账提醒,可不可以给我办一下龙支付,可不可以告诉我办一下网银,可不可以告诉我办一下网上银行,可不可以给我办一下网上银行,可不可以给我办一下网银,可不可以帮助我办一下网上银行,可不可以帮助我办一下网银,可不可以告诉我办理网上银行
我是来办一下那个龙支付,dssm,叫号机在哪，怎么走,叫号机在哪,手机银行的安全性如何,注销电话银行,可以用手机银行排号吗,注销动账提醒,不想用手机银行了,我来领《就业失业手册》,客服电话,不用手机银行了,领取《就业失业手册》,想开电话银行,测试删除12123,测试删除12123,叫号机在什么地方,《就业失业手册》在哪里领,自助机在哪里,手机银行可以交保费吗,手机银行可以交保险费吗,龙支付定义
我是来办一下那个龙支付,tfidf,办龙支付,办龙支付功能,能指导办龙支付,能给办龙支付,能帮办龙支付,能帮助办龙支付功能,能不能指导办龙支付功能,能不能帮办龙支付功能,能给办龙支付功能,能不能给办龙支付功能,能不能帮助办龙支付功能,能告诉办龙支付功能,能不能帮助办龙支付,能不能帮办龙支付,能告诉办龙支付,龙支付,能不能给办龙支付,能不能指导办龙支付,能不能告诉办龙支付,能帮助办龙支付
我需要办对公账户但是我们法人不在,topic,法人不在需要办对公账户,法人不在给我办对公账户,法人不在能否办理对公账户,法人不在可不可以办理对公账户,法人不在如何办对公账户,法人不在给我办理对公账户,法人不在怎样办对公账户,法人不在想要办对公账户,法人不在需要办理对公户,法人本人需要办对公账户,法人不在能否办理对公户,法人不在可不可以办理对公户,法人不在需要办对公户,法人不在可不可以办对公账户,法人不在能否办对公账户,法人不在需要办理对公账户,法人不在给我办对公户,法人不在可不可以办对公户,法人不在能否办对公户,法人不在帮我办对公账户
我需要办对公账户但是我们法人不在,dssm,《就业失业手册》在哪里领,自助机在哪里,可以告诉我办龙支付,可以帮我办电话银行,可以帮我办一下电话银行,可以帮我办一下黄金账户,可以帮我办黄金账户,可以帮我办一下龙支付,可以帮我办龙支付,测试删除12123,测试删除12123,可以给我办一下黄金账户,叫号机在哪，怎么走,叫号机在哪,可以用手机银行排号吗,可以告诉我办一下黄金账户,可以告诉我办黄金账户,可以告诉我办一下电话银行,可以告诉我办电话银行,可以告诉我办一下龙支付
我需要办对公账户但是我们法人不在,tfidf,法人不在办对公账户,法人不在帮忙办对公账户,法人本人办对公账户,法人不在开对公账户,法人不在开通对公账户,法人不在办理对公账户,法人给办对公账户,法人不在想开对公账户,办对公账户,法人不在能够办理对公账户,法人不在帮开对公账户,法人不在帮开通对公账户,法人不在帮办对公账户,法人不在给办对公账户,法人不在可否办对公账户,法人不在能够办对公账户,法人不在能不能办对公账户,法人不在开立对公账户,法人帮办对公账户,法人不在申请对公账户
我需要办对公账户但是我们法人今天没有来呢可以吗,topic,法人不在怎么能够办对公账户,法人不在怎么能够办对公户,法人不在帮我办对公账户,法人来不了怎么能够办理对公账户,法人不在帮我办对公户,法人来不了怎么能够办理对公户,法人没来怎么能够办理对公账户,法人没来怎么能够办理对公户,法人不在能不能办理对公账户,我是法人帮我办对公账户,我是法人帮我办对公户,法人不在能不能办理对公户,法人不在怎么能够办理对公账户,法人来不了怎么能够办对公户,法人来不了怎么能够办对公账户,法人没来怎么能够办对公户,法人不在怎么能够办理对公户,法人不在能不能办对公账户,法人没来怎么能够办对公账户,法人不在能不能办对公户
我需要办对公账户但是我们法人今天没有来呢可以吗,dssm,可以给我办理电话银行功能,可以给我办理黄金账户功能,可以帮我办理黄金账户功能,可以帮我办理电话银行功能,可以帮我办理龙支付功能,《就业失业手册》在哪里领,自助机在哪里,可以帮助我办理电话银行功能,可以帮助我办理黄金账户功能,可以帮助我办理龙支付功能,叫号机在哪，怎么走,叫号机在哪,可以给我办理龙支付功能,法人在外地怎么能够申请基本户,法人在外地怎么能够申请一般户,法人在外地怎么能够办理基本户,法人在外地怎么能够办理一般户,可以告诉我办理黄金账户功能,可以告诉我办理电话银行功能,可以告诉我办理龙支付功能
我需要办对公账户但是我们法人今天没有来呢可以吗,tfidf,法人没来办对公账户,法人来不了办对公账户,法人给办对公账户,法人本人办对公账户,办对公账户,法人不在帮忙办对公账户,法人没来开立对公账户,法人来不了开立对公账户,法人没来开通对公账户,法人来不了开对公账户,法人来不了申请对公账户,法人没来申请对公账户,法人没来可否办对公账户,法人来不了能够办对公账户,法人没来能不能办对公账户,法人来不了可否办对公账户,法人没来能够办对公账户,法人来不了能不能办对公账户,法人帮办对公账户,法人不在办对公账户
法人不在办对公账户,topic,法人本人要办对公账户,法人本人怎样办对公账户,法人本人可不可以办理对公账户,法人本人能否办理对公账户,法人本人怎样办理对公户,法人来不了怎样办理对公账户,法人来不了怎样办对公账户,法人本人想要办对公户,法人本人可否办对公账户,法人本人如何办理对公账户,法人本人如何办对公账户,法人没来怎样办对公户,法人本人怎样办理对公账户,法人本人要办理对公账户,法人本人怎样办对公户,法人本人要办对公户,法人没来怎样办对公账户,法人没来怎样办理对公账户,法人本人想要办对公账户,法人本人想要办理对公账户
法人不在办对公账户,dssm,手机银行可以交保费吗,手机银行可以交保险费吗,手机银行的安全性如何,建房批文是啥,建房批文是什么,什么是建房批文,想开通电话,客服电话,想开基本户,想开电话银行,想开一下电话银行,测试删除12123,叫号机在哪，怎么走,叫号机在哪,《就业失业手册》在哪里领,自助机在哪里,可以用手机银行排号吗,叫号机在什么地方,龙支付定义,不想用手机银行了
法人不在办对公账户,tfidf,法人不在办对公账户,法人不在帮忙办对公账户,法人本人办对公账户,法人不在开对公账户,法人不在开通对公账户,法人不在办理对公账户,法人给办对公账户,法人不在想开对公账户,办对公账户,法人不在能够办理对公账户,法人不在帮开对公账户,法人不在帮开通对公账户,法人不在帮办对公账户,法人不在给办对公账户,法人不在可否办对公账户,法人不在能够办对公账户,法人不在能不能办对公账户,法人不在开立对公账户,法人帮办对公账户,法人不在申请对公账户
是否可以开通入账短信提示功能,topic,可不可以给我开通入账短信提示功能,可不可以帮助我开通入账短信提示功能,如何开通入账短信提示功能,可以告诉我开通入账短信提示功能,能不能给我开通入账短信提示功能,需要开通入账短信提示功能,可以帮我开通入账短信提示功能,可以帮助我开通入账短信提示功能,可以指导我开通入账短信提示功能,可不可以给我开通入账短信提示,能不能告诉我开通入账短信提示功能,能不能帮我开通入账短信提示功能,可不可以告诉我开通入账短信提示功能,怎样开通入账短信提示功能,要开通入账短信提示功能,想开通入账短信提示功能,想要开通入账短信提示功能,可以给我开通入账短信提示功能,可不可以指导我开通入账短信提示功能,怎么开通入账短信提示功能
是否可以开通入账短信提示功能,dssm,手机银行的安全性如何,想开一般户,龙支付是啥,龙支付是什么,什么是龙支付,叫号机位置,客服电话,手机银行怎么交生活费用,手机银行交水电煤气费,想开通电话,建房批文是什么,建房批文是啥,想开电话银行,想开一下电话银行,想开黄金账户,想开一下黄金账户,想开一下龙支付,想开龙支付,想开建行卡,不用手机银行了
是否可以开通入账短信提示功能,tfidf,开通入账短信提示功能,开通入账短信提示,能不能指导开通入账短信提示功能,能不能帮开通入账短信提示功能,能不能给开通入账短信提示功能,能告诉开通入账短信提示功能,能不能告诉开通入账短信提示功能,能不能帮助开通入账短信提示功能,能不能帮开通入账短信提示,能不能告诉开通入账短信提示,能帮开通入账短信提示,能给开通入账短信提示,开通短信提示功能,怎么办入账短信提示功能,开通短信提示,怎么办入账短信提示,能指导开通入账短信提示功能,能给开通入账短信提示功能,能帮助开通入账短信提示功能,能帮开通入账短信提示功能
我要一个入账短信提示,topic,可以给我开入账短信提示,想办一下入账短信提示,想办入账短信提示,要申请入账短信提示,可以帮助我开入账短信提示,想开一下入账短信提示,可不可以帮助我开入账短信提示,可以告诉我申请入账短信提示,想开入账短信提示,怎样开入账短信提示,可不可以帮助我申请入账短信提示,能不能给我申请入账短信提示,要开入账短信提示,要开一下入账短信提示,可以给我申请入账短信提示,可以告诉我开入账短信提示,能不能给我开入账短信提示,可以给我开一下入账短信提示,可不可以给我开入账短信提示,可不可以给我申请入账短信提示
我要一个入账短信提示,dssm,手机银行的安全性如何,客服电话,什么是建房批文,不用手机银行了,想开通电话,想开一般户,我不知道叫号机,不知道什么是叫号机,想开黄金账户,想开一下黄金账户,想开龙支付,想开一下龙支付,想开基本户,什么是龙支付,龙支付是啥,龙支付是什么,想开电话银行,想开一下电话银行,建房批文是啥,建房批文是什么
我要一个入账短信提示,tfidf,怎么办入账短信提示,怎么办入账短信提示功能,办入账短信提示功能,开入账短信提示功能,开通入账短信提示功能,申请入账短信提示功能,开立入账短信提示功能,想开入账短信提示功能,怎么办短信提示,怎么办短信提示功能,能不能帮开通入账短信提示,能帮助申请入账短信提示,办入账短信提示,办理入账短信提示,开入账短信提示,开立入账短信提示,想开入账短信提示,开通入账短信提示,申请入账短信提示,办理入账短信提示功能
办基本户法人没有来,topic,法人没来怎样办理基本户,法人本人要办理基本户,法人没来如何办理基本户,法人不在帮忙办理基本户,法人本人能不能办理基本户,法人不在想要办理基本户,法人本人怎样办理基本户,法人来不了怎样办理基本户,法人不在想办理基本户,法人没来如何办理一般户,法人不在怎样办理一般户,法人没来怎样办基本户,法人没来怎样办理一般户,法人不在要办理基本户,法人没来可否办理基本户,法人不在怎样办理基本户,法人不在可否办理基本户,法人不在给我办理基本户,法人本人要办理一般户,法人没来可否办理一般户
办基本户法人没有来,dssm,领取《就业失业手册》,《就业失业手册》在哪里领,测试删除12123,龙支付定义,手机银行的安全性如何,不想用手机银行了,我来领《就业失业手册》,补办网银盾,补办一下网银盾,想开通电话,建房批文是啥,建房批文是什么,自助机在哪里,手机银行可以交保费吗,手机银行可以交保险费吗,叫号机在什么地方,叫号机在哪，怎么走,叫号机在哪,可以用手机银行排号吗,测试删除12123
办基本户法人没有来,tfidf,法人没来办基本户,法人来不了办基本户,法人不在办基本户,法人本人办基本户,办基本户,法人来不了申请基本户,法人来不了办一般存款账户,法人没来开通基本户,法人没来办一般存款账户,法人在异地办基本户,法人本人可否办基本户,法人来不了办理基本户,法人来不了可否办基本户,法人来不了能够办基本户,法人没来能不能办基本户,法人没来可否办基本户,法人来不了能不能办基本户,法人没来能够办基本户,法人帮办基本户,法人给办基本户
我来开电话功能,topic,可以给我开电话功能,怎样开电话功能,怎样开一下电话功能,能不能给我开电话功能,可以帮我开电话功能,可以帮助我开电话功能,可不可以给我开电话功能,怎么开一下电话功能,如何开一下电话功能,可以指导我开电话功能,需要开电话功能,可以告诉我开一下电话功能,想要开电话功能,要开电话功能,如何开电话功能,怎么开电话功能,可以告诉我开电话功能,要开一下电话功能,想要开一下电话功能,可以给我开一下电话功能
我来开电话功能,dssm,叫号机在什么地方,手机银行的安全性如何,想开一下龙支付,客服电话,想开一般户,想开基本户,想开一下黄金账户,想开黄金账户,叫号机,什么是叫号机,建房批文是啥,建房批文是什么,想开电话银行,想开一下电话银行,什么是龙支付,龙支付是啥,龙支付是什么,想开通电话,想开建行卡,想开龙支付
我来开电话功能,tfidf,开电话功能,开电话,开电话改密码功能,能帮开电话功能,能帮助开电话功能,开银行电话通知功能,能不能指导开电话功能,能指导开电话功能,能给开电话功能,能不能给开电话功能,能不能帮开电话功能,怎么办电话功能,开电话预约功能,开电话查询功能,开电话预约,开电话查询,能不能帮助开电话功能,能告诉开电话功能,开银行电话留言功能,能不能告诉开电话功能
我要那种电话打电话查询余额那种,topic,可不可以给我申请电话查询,可不可以告诉我开立电话查询,可不可以告诉我开立电话查询功能,可不可以指导我申请电话查询,可不可以给我开电话查询,可不可以指导我开立电话查询,可不可以帮助我申请电话查询,要开立电话查询,是否能够告诉我开立电话查询,可不可以告诉我开电话查询,可不可以告诉我申请电话查询功能,可不可以给我开立电话查询功能,可不可以给我开立电话查询,可以告诉我开立电话查询,能不能告诉我开立电话查询,可不可以告诉我申请电话查询,能不能给我开立电话查询,想办一下电话查询,可不可以帮助我开立电话查询,可以给我开立电话查询
我要那种电话打电话查询余额那种,dssm,叫号机在什么地方,手机银行可以交保费吗,自助机在哪里,注销电话银行,不想用手机银行了,龙支付是啥,龙支付是什么,什么是龙支付,客服电话,领取《就业失业手册》,可以用手机银行排号吗,想开一下电话银行,手机银行可以交保险费吗,手机银行的安全性如何,叫号机在哪，怎么走,叫号机在哪,龙支付定义,《就业失业手册》在哪里领,测试删除12123,测试删除12123
我要那种电话打电话查询余额那种,tfidf,怎么办电话查询,怎么办电话查询功能,想开电话查询功能,开通电话查询功能,开电话查询功能,开立电话查询功能,办电话查询功能,申请电话查询功能,办理电话查询功能,怎么办电话,怎么办电话功能,能给开通电话查询,申请电话查询,开立电话查询,查询公积金余额,办理电话查询,办电话查询,想开电话查询,开通电话查询,开电话查询
在哪里可以打印公积金证明,topic,这里可以打印公积金缴存证明吗,能不能帮助我打印公积金缴存证明,告诉我怎样打印公积金缴存证明,我想打印公积金缴存证明,我想要打印公积金缴存证明,能不能指导我打印公积金缴存证明,是否能够指导我打印公积金缴存证明,我需要打印公积金缴存证明,怎么打印公积金缴存证明,如何打印公积金缴存证明,我想办一下公积金缴存证明打印,我想办公积金缴存证明打印,告诉我能不能打印公积金缴存证明,告诉我是否能够打印公积金缴存证明,是否能够帮助我打印公积金缴存证明,是否能够打印公积金缴存证明,告诉我如何打印公积金缴存证明,告诉我怎么打印公积金缴存证明,能不能打印公积金缴存证明,我要打印公积金缴存证明
在哪里可以打印公积金证明,dssm,手机银行的安全性如何,客服电话,手机银行交电费,领一下《就业失业手册》,怎么领《就业失业手册》,建房批文是什么,建房批文是啥,什么是建房批文,叫号机什么样子的,想开建行卡,手机银行交煤气费,想开通电话,手机银行交水电煤气费,想开一下黄金账户,想开黄金账户,叫号机位置,哪里找叫号机,想开一般户,想开基本户,手机银行怎么交生活费用
在哪里可以打印公积金证明,tfidf,打印公积金缴存证明,怎么办公积金缴存证明打印,能不能打印公积金缴存证明,打印公积金对公缴存证明,办理公积金缴存证明打印业务,告诉怎么办公积金缴存证明打印,办公积金缴存证明打印业务,告诉怎么办公积金缴存证明打印业务,能不能帮助打印公积金缴存证明,能不能指导打印公积金缴存证明,告诉能不能打印公积金缴存证明,告诉办公积金缴存证明打印,公积金缴存证明打印业务,怎么办公积金缴存证明打印业务,办公积金缴存证明打印,打印公积金缴存证明职工,打印公积金个人缴存证明,打印公积金缴存证明对公,告诉打印公积金缴存证明,办理公积金缴存证明打印
公积金缴存证明在哪里办呢,topic,这里可以办理印公积金缴存证明吗,怎样办一下印公积金缴存证明,告诉我如何办理印公积金缴存证明,告诉我怎么办理印公积金缴存证明,怎样办理印公积金缴存证明,如何办理印公积金缴存证明,怎么办理印公积金缴存证明,告诉我如何办公积金缴存,想要办一下印公积金缴存证明,这里可以办一下公积金缴存吗,办一下印公积金缴存证明,我想要办理印公积金缴存证明,如何办一下印公积金缴存证明,这里可以办公积金缴存吗,告诉我怎样办理印公积金缴存证明,这里可以办理公积金缴存吗,我要办一下印公积金缴存证明,这里可以办一下印公积金缴存证明吗,我要办理印公积金缴存证明,告诉我怎样办公积金缴存
公积金缴存证明在哪里办呢,dssm,手机银行可以交保险费吗,手机银行可以交保费吗,手机银行怎么交生活费用,什么是叫号机,叫号机,想开一下电话银行,想开电话银行,叫号机什么样子的,想开通电话,手机银行怎么交交通违章罚款,建房批文是啥,什么是建房批文,龙支付定义,叫号机在什么地方,手机银行的安全性如何,不想用手机银行了,客服电话,手机银行交水电煤气费,手机银行交煤气费,手机银行交电费
公积金缴存证明在哪里办呢,tfidf,办印公积金缴存证明,办复印公积金缴存证明,能不能办公积金缴存证明打印,能不能办印公积金缴存证明,告诉办印公积金缴存证明,能不能办复印公积金缴存证明,告诉办印公积金缴存证明业务,告诉办公积金缴存证明打印业务,能不能办印公积金缴存证明业务,能不能办复印公积金缴存证明业务,能不能办公积金缴存证明打印业务,告诉办复印公积金缴存证明业务,办公积金缴存证明打印,办公积金缴存证明打印业务,办印公积金缴存证明业务,办复印公积金缴存证明业务,办公积金缴存,办公积金缴存业务,告诉办公积金缴存证明打印,告诉办复印公积金缴存证明
如何印公积金缴存证明,topic,怎么印公积金缴存证明,如何印公积金缴存证明,能不能印公积金缴存证明,我想办印公积金缴存证明,我想印公积金缴存证明,告诉我如何印公积金缴存证明,告诉我怎么印公积金缴存证明,是否能够印公积金缴存证明,告诉我怎样印公积金缴存证明,可不可以印公积金缴存证明,能否印公积金缴存证明,这里可以印公积金缴存证明吗,怎样印公积金缴存证明,想要印公积金缴存证明,想印公积金缴存证明,印公积金缴存证明,想办印公积金缴存证明,我要印公积金缴存证明,我想要印公积金缴存证明,想办一下印公积金缴存证明
如何印公积金缴存证明,dssm,手机银行怎么交生活费用,手机银行交水电煤气费,手机银行怎么交交通违章罚款,客服电话,不用手机银行了,叫号机什么样子的,叫号机,什么是叫号机,哪里找叫号机,想开一下电话银行,想开电话银行,叫号机位置,手机银行交电费,手机银行交煤气费,手机银行交保费,手机银行交保险费,手机银行怎么交保费,手机银行怎么交保险费,我不知道叫号机,不知道什么是叫号机
如何印公积金缴存证明,tfidf,印公积金缴存证明,怎么办印公积金缴存证明,告诉怎么办印公积金缴存证明业务,能不能帮助印公积金缴存证明,这里能印公积金缴存证明,告诉办理印公积金缴存证明,能不能办印公积金缴存证明,告诉能不能印公积金缴存证明,告诉办印公积金缴存证明,能不能指导印公积金缴存证明,能不能办理印公积金缴存证明,能不能办印公积金缴存证明业务,怎么办印公积金缴存证明业务,告诉印公积金缴存证明,办理印公积金缴存证明,能不能印公积金缴存证明,办印公积金缴存证明,办理印公积金缴存证明业务,办印公积金缴存证明业务,告诉怎么办印公积金缴存证明
