input,model,top0,top1,top10,top11,top12,top13,top14,top15,top16,top17,top18,top19,top2,top3,top4,top5,top6,top7,top8,top9,right
开通龙支付的方法,topic,可不可以帮助我开通网银功能,可不可以帮助我开通网上银行功能,怎么开通网上银行功能,如何开通网上银行功能,怎么开通网银功能,如何开通网银功能,可以帮助我开通网银功能,可以帮助我开通网上银行功能,需要开通网银功能,需要开通网上银行功能,可不可以告诉我开通网上银行功能,可不可以告诉我开通网银功能,要开通网上银行功能,要开通网银功能,可不可以给我开通网银功能,可不可以给我开通网上银行功能,可不可以指导我开通网银功能,可不可以指导我开通网上银行功能,需要开通网银,需要开通网上银行,0
开通龙支付的方法,dssm,不用手机银行了,想开建行卡,想开基本户,我要领《就业失业手册》,不知道什么是叫号机,我不知道叫号机,想开黄金账户,想开一下黄金账户,领一下《就业失业手册》,怎么领《就业失业手册》,什么是建房批文,建房批文是什么,想开电话银行,想开一下电话银行,想开一下龙支付,想开龙支付,龙支付是啥,龙支付是什么,什么是龙支付,想开一般户,0
开通龙支付的方法,tfidf,开通龙支付,开通龙支付功能,能不能帮助开通龙支付,能帮助开通龙支付,能不能指导开通龙支付,能告诉开通龙支付功能,,,,,,,能告诉开通龙支付,龙支付,能帮开通龙支付,能给开通龙支付,能指导开通龙支付,能不能帮开通龙支付,能不能告诉开通龙支付,能不能给开通龙支付,0
智慧柜员机怎么查询理财交易,topic,介绍智慧柜员机,哪里找智慧柜员机,智慧柜员机在什么地方,不知道什么是智慧柜员机,自助柜员机在哪，怎么走,我不知道自助柜员机,自助柜员机什么样子的,什么是自助柜员机,不知道什么是自助柜员机,哪里找自助柜员机,啥叫自助柜员机,自助柜员机长什么样,什么是智慧柜员机,智慧柜员机在哪，怎么走,啥叫智慧柜员机,我不知道智慧柜员机,智慧柜员机长什么样,智慧柜员机,智慧柜员机位置,智慧柜员机什么样子的,0
智慧柜员机怎么查询理财交易,dssm,手机银行的安全性如何,客服电话,想开一下黄金账户,想开基本户,想开一般户,手机银行怎么交交通违章罚款,想开电话银行,想开一下电话银行,手机银行怎么交生活费用,想开建行卡,想开龙支付,想开一下龙支付,我有带护照想开建行卡,我要领《就业失业手册》,领一下《就业失业手册》,怎么领《就业失业手册》,龙支付是啥,什么是龙支付,龙支付是什么,想开黄金账户,0
智慧柜员机怎么查询理财交易,tfidf,智慧柜员机,介绍智慧柜员机,自助柜员机,怎么办电话查询,介绍自助柜员机,怎么办电话查询功能,,,,,,,叫智慧柜员机,智慧柜员机位置,哪里找智慧柜员机,不知晓智慧柜员机,智慧柜员机样子,智慧柜员机长,智慧柜员机在地方,智慧柜员机在哪走,0
设置通知存款自动转存的方法,topic,通过网银把活期转到定期,在网银上把活期转到定期,打印我自己缴费的那部分社保明细,可不可以给我开立出账短信提示功能,可不可以帮助我开立出账短信提示功能,可不可以帮助我打印公积金缴费记录,能否帮助我打印公积金缴费记录,提取公积金可以预约得时间有哪些,是否能够指导我打印公积金缴费记录,可不可以指导我开立网银功能,可不可以指导我开立网上银行功能,可不可以给我开立网上银行功能,可不可以不预约直接提取公积金,可不可以给我开立动账提醒功能,我要打印单位部分的公积金缴存证明,是否能够帮助我打印公积金缴费记录,可不可以帮助我开立网上银行功能,可不可以帮助我开立网银功能,怎么打印公积金单位缴存部分的证明,可不可以指导我开立出账短信提示功能,0
设置通知存款自动转存的方法,dssm,手机银行的安全性如何,手机银行怎么交生活费用,手机银行交电费,手机银行交水电煤气费,手机银行怎么交交通违章罚款,建房批文是啥,什么是建房批文,建房批文是什么,领一下《就业失业手册》,怎么领《就业失业手册》,我要领《就业失业手册》,手机银行交煤气费,不用手机银行了,想开一下电话银行,想开电话银行,手机银行交保费,手机银行怎么交保险费,手机银行交保险费,手机银行怎么交保费,想开建行卡,0
设置通知存款自动转存的方法,tfidf,重新设置密码,办理公积金方法,重新设置手机银行或网银密码,,,,,,,,,,重新设置存单密码,手机银行办卡挂失方法,手机银行预约取号方法,重新设置信用卡密码,重新设置储蓄卡密码,密码重新设置或者修改,重新设置或修改密码,手机修改公积金密码方法,0
如何修改信用卡密码,topic,信用卡密码想不起来了,信用卡密码忘了,怎么改一下银行卡密码呢,改一下银行卡密码,能不能改银行卡密码,我要改银行卡的密码,账户密码忘了,储蓄卡密码想不起来了,如何修改密码公积金,怎么修改密码公积金,密码修改,修改密码,重设信用卡密码,信用卡密码重设,重新设置信用卡密码,重置信用卡密码,记不到信用卡密码了,我要修改银行卡密码,修改银行卡密码,怎么改银行卡密码,0
如何修改信用卡密码,dssm,不知道什么是叫号机,我不知道叫号机,我要领《就业失业手册》,手机银行交水电煤气费,领一下《就业失业手册》,怎么领《就业失业手册》,手机银行怎么交保费,手机银行怎么交保险费,手机银行交保险费,手机银行交保费,想开建行卡,不用手机银行了,叫号机什么样子的,叫号机,什么是叫号机,叫号机位置,哪里找叫号机,手机银行怎么交生活费用,手机银行交电费,手机银行交煤气费,0
如何修改信用卡密码,tfidf,密码修改,修改密码,公积金修改密码业务,怎么办公积金修改密码,怎么办公积金修改密码业务,重设密码或修改密码,,,,,,,修改公积金密码,修改银行卡密码,重置信用卡密码,信用卡密码想不起来,重设信用卡密码,信用卡密码重设,修改存单密码,修改密码公积金,0
个人通知存款过期后是否会自动转存,topic,是否能够给我开立个人网银功能,是否能够给我开立个人网上银行功能,可不可以给我开立个人网上银行功能,是否能够帮我开立个人网上银行功能,是否能够帮我开立个人网银功能,是否能够给我开立个人网上银行,是否能够给我开立个人网银,是否能够指导我开立个人网银功能,是否能够指导我开立个人网上银行功能,可不可以告诉我开立个人网银功能,可不可以告诉我开立个人网上银行功能,通过网银把活期转到定期,是否能够告诉我开立个人网银功能,是否能够告诉我开立个人网上银行功能,是否能够帮助我开立个人网上银行功能,是否能够帮助我开立个人网银功能,可不可以帮助我开立个人网银功能,可不可以帮助我开立个人网上银行功能,在网银上把活期转到定期,可不可以给我开立个人网银功能,0
个人通知存款过期后是否会自动转存,dssm,不知道公积金经办网点,提公积金能不能不预约,能否指导我办理公积金汇缴,可不可以办理公积金汇缴,能不能办理公积金汇缴,是否能够办理公积金汇缴,能否办理公积金汇缴,是否能够指导我办理缴公积金,可不可以指导我办理缴公积金,能否指导我办理缴公积金,能不能指导我办理缴公积金,能否办理缴公积金,不预约能不能提公积金,能不能不预约提公积金,哪些网点可以办公积金,公积金业务的经办网点有哪些,哪是公积金经办网点,是否能够指导我办理公积金汇缴,可不可以指导我办理公积金汇缴,能不能指导我办理公积金汇缴,0
个人通知存款过期后是否会自动转存,tfidf,个人开户,怎么办个人网银,网银会丢钱,开通个人网银,手机银行会丢钱,办个人网银,,,,,,,怎么办个人网银功能,个人开户带身份证不记得是否开过个人账户,开个人网银,手机银行是否安全,开立个人网银,办理个人网银,申请个人网银,想开个人网银,0
手机银行转账还款到账是什么时间,topic,网银转账到账时间,网银转账限额,网银的转账限额是多少,网银的转账额度是多少,修改网银转账额度限制,网银转账多长时间能收到钱,降低网银转账额度限制,提高网银转账额度限制,怎样开立入账短信提示,网银转账多久能到账,如何开立入账短信提示,怎么开立入账短信提示,网银转账的额度上线,网银转账限额修改,网银转账限额调整,降低网银转账限额,提高网银转账限额,改一下网银转账限额,网银转账多长时间能到账,网银转账的额度限制,0
手机银行转账还款到账是什么时间,dssm,注销电话银行,想开电话银行,想开黄金账户,想开一下黄金账户,龙支付是什么,龙支付是啥,什么是龙支付,我要领《就业失业手册》,我有带护照想开建行卡,建房批文是啥,什么是建房批文,建房批文是什么,想开一下电话银行,想开建行卡,不用手机银行了,想开一下龙支付,想开龙支付,想开一般户,客服电话,想开基本户,0
手机银行转账还款到账是什么时间,tfidf,手机银行转账,手机银行转账功能,手机银行转账额度多少,手机银行转账额度修改,提高手机银行转账额度,手机银行转账额度上线,,,,,,,手机银行办理转账,手机银行转账额度,通过手机银行转账,手机银行能转账,手机银行能不能转账,手机银行转账额度限制,降低手机银行转账额度,手机银行转账额度调整,0
手机银行怎样开基金账户,topic,网银怎么买基金,网银可不可以买基金,网银怎么查账户明细,怎样开一下账户变动发短信,怎么开一下账户变动发短信,如何开一下账户变动发短信,可以给我开账户变动发短信,法人本人如何开对公账户,想要开账户变动发短信,法人来不了如何开对公账户,法人没来如何开对公账户,如何开立账户变动发短信,网银可以买基金吗,网银怎么操作基金购买,怎么开账户变动发短信,如何开账户变动发短信,怎么开账户,如何开账户,怎样开账户,怎样开账户变动发短信,0
手机银行怎样开基金账户,dssm,想开建行卡,手机银行的安全性如何,不用手机银行了,想开一般户,想开黄金账户,想开一下黄金账户,想开基本户,我不知道叫号机,不知道什么是叫号机,什么是建房批文,建房批文是啥,建房批文是什么,想开一下龙支付,想开龙支付,想开一下电话银行,想开电话银行,什么是龙支付,龙支付是什么,龙支付是啥,客服电话,0
手机银行怎样开基金账户,tfidf,开账户,开对公账户,指导开账户,帮助开账户,开账户变动发短信,带护照开账户,,,,,,,能开账户,开2类账户,身份证开账户,手机银行认购基金,能不能开账户,给开账户,帮开账户,告诉开账户,0
什么是借记卡,topic,想开借记卡,想办借记卡,要开借记卡,想要申请借记卡,可以申请借记卡,给我申请借记卡,要申请借记卡,想申请借记卡,有身份证想开借记卡,能不能申请借记卡,我没有身份证想开借记卡,帮助我开借记卡,怎么办借记卡,可不可以申请借记卡,能否申请借记卡,想要开借记卡,怎样申请借记卡,怎么申请借记卡,如何申请借记卡,给我开借记卡,0
什么是借记卡,dssm,叫号机,什么是叫号机,领一下《就业失业手册》,怎么领《就业失业手册》,手机银行怎么交生活费用,哪里找叫号机,我要领《就业失业手册》,手机银行交保险费,手机银行怎么交保费,手机银行交保费,手机银行怎么交保险费,手机银行怎么交交通违章罚款,不知道什么是叫号机,我不知道叫号机,叫号机位置,手机银行交电费,叫号机什么样子的,手机银行交煤气费,手机银行的安全性如何,手机银行交水电煤气费,0
什么是借记卡,tfidf,测试重复问题信用卡北京11,,,,,,,,,,,,,,,,,,,,0
什么是商业承兑汇票,topic,怎么打印公积金单位缴存证明,打印公积金缴存证明-单位,领一下《住房公积金定期转账提取协议书》,我要领《住房公积金定期转账提取协议书》,《住房公积金定期转账提取协议书》在哪里领,领一本《住房公积金定期转账提取协议书》,办理《住房公积金定期转账提取协议书》,异地房产的公积金申请材料,外地房产的公积金申请材料,怎么打印公积金单位缴存部分的证明,降低网银转账限额,网银转账限额,公积金提取-已预约-租单位房的申请材料,公积金存折修丢失,公积金存折丢了,丢了公积金存折,怎么领《住房公积金定期转账提取协议书》,领取《住房公积金定期转账提取协议书》,我来领《住房公积金定期转账提取协议书》,租单位房子要提取公积金要准备哪些申请材料,0
什么是商业承兑汇票,dssm,手机银行的安全性如何,叫号机在什么地方,手机银行怎么交交通违章罚款,叫号机,什么是叫号机,不知道什么是叫号机,我不知道叫号机,不用手机银行了,客服电话,龙支付是啥,什么是龙支付,龙支付是什么,手机银行交电费,手机银行交煤气费,手机银行交保费,手机银行怎么交保费,手机银行交保险费,手机银行怎么交保险费,手机银行怎么交生活费用,手机银行交水电煤气费,0
什么是商业承兑汇票,tfidf,测试重复问题信用卡北京11,,,,,,,,,,,,,,,,,,,,0
借记卡存钱收费标准,topic,能否申请借记卡,可不可以申请借记卡,想要申请借记卡,如何申请借记卡,怎么申请借记卡,我之前有建行的信用卡，现在想办一张储蓄卡,需要申请借记卡,需要开借记卡,能不能申请借记卡,有身份证可不可以申请借记卡,有身份证能否申请借记卡,给我开借记卡,想办借记卡,要申请借记卡,想开借记卡,可以申请借记卡,怎样申请借记卡,要开借记卡,想申请借记卡,给我申请借记卡,0
借记卡存钱收费标准,dssm,我不知道叫号机,不知道什么是叫号机,哪里找叫号机,建房批文是什么,什么是建房批文,建房批文是啥,想开一下黄金账户,想开黄金账户,不用手机银行了,想开一般户,想开基本户,想开电话银行,我要领《就业失业手册》,叫号机,什么是叫号机,怎么领《就业失业手册》,领一下《就业失业手册》,叫号机什么样子的,叫号机位置,想开建行卡,0
借记卡存钱收费标准,tfidf,电话银行收费标准,短信银行收费标准,,,,,,,,,,,短信银行转账收费标准,电话银行收费,电话银行咋收费,短信银行收费,短信银行咋收费,短信银行转账收费,短信银行转账咋收费,,0
怎样使用ATM&CRS在电子现金账户取款,topic,可不可以给我开立入账短信提示功能,可不可以指导我开立入账短信提示功能,可不可以告诉我开立入账短信提示功能,需要开立入账短信提示功能,要开立入账短信提示功能,在网银上把活期转到定期,是否能够指导我开立入账短信提示功能,是否能够帮我开立入账短信提示功能,能不能指导我开立入账短信提示功能,法人在外地能否开通对公账户,法人在外地可不可以开通对公账户,可不可以给我开立出账短信提示功能,可不可以帮助我开立入账短信提示功能,是否能够给我开立入账短信提示功能,网银的转账额度是多少,网银的转账限额是多少,能不能给我开立入账短信提示功能,《住房公积金定期转账提取协议书》在哪里领,可以给我开立入账短信提示功能,怎样开立入账短信提示功能,0
怎样使用ATM&CRS在电子现金账户取款,dssm,TTY,测试重复问题-信用卡-北京11,提公积金交单位房的房租要准备哪些材料,提公积金交单位房房租要准备哪些资料,租单位房，提取公积金的材料,智慧柜员机在哪，怎么走,我不知道智慧柜员机,不知道什么是智慧柜员机,智慧柜员机,什么是智慧柜员机,智慧柜员机什么样子的,智慧柜员机位置,测试重复问题-信用卡-北京,公积金的微信上我的电话号码是有误,公积金得微信公众号上我的电话号码是有误,预约了房屋加建公积金提取,租村里的房子提取公积金的申请材料,租城中村提取公积金的申请材料,我在公积金微信公众号上得电话号有误,公积金微信公众号上我的电话号有误,0
怎样使用ATM&CRS在电子现金账户取款,tfidf,叫号机在地方,自助机在哪里,法人在异地办理一般存款账户,法人在异地开通基本户,法人在异地办理基本户,法人在异地申请一般存款账户,,,,,,,叫号机在哪,自助叫号机在哪里,在手机银行上排号,自助柜员机在地方,智慧柜员机在地方,叫号机在哪走,法人在异地办一般存款账户,法人在异地办基本户,0
Pad开通网上银行的方法,topic,怎样开通网上银行功能,怎样开通网银功能,要开通网银功能,要开通网上银行功能,要开通网银,要开通网上银行,可以给我开通网银,可以给我开通网上银行,想要开通网上银行功能,想要开通网银功能,可以给我开通网上银行功能,可以给我开通网银功能,如何开通网银功能,怎么开通网上银行功能,怎么开通网银功能,如何开通网上银行功能,如何开通网银,怎么开通网上银行,怎么开通网银,如何开通网上银行,0
Pad开通网上银行的方法,dssm,TTY,提公积金交单位房的房租要准备哪些材料,什么是智慧柜员机,哪里找智慧柜员机,智慧柜员机在什么地方,测试重复问题-信用卡-北京,智慧柜员机在哪，怎么走,介绍智慧柜员机,预约了房屋加建公积金提取,网银转账限额修改,修改网银转账额度限制,补办一下U盾,提公积金交单位房房租要准备哪些资料,测试重复问题-信用卡-北京11,啥叫智慧柜员机,智慧柜员机什么样子的,不知道什么是智慧柜员机,我不知道智慧柜员机,智慧柜员机位置,智慧柜员机,0
Pad开通网上银行的方法,tfidf,开通账户,开通基本户,开通建行卡,开通电话,开通网银,开通龙支付功能,,,,,,,开通银行卡,开通电话银行,开通黄金账户,开通储蓄卡,开通一般存款账户,开通卡,开通龙支付,开通短信,0
保险退保时需要注意什么,topic,网银交保险的费用,手机银行交保险的费用,能不能帮助我开立动账提醒,是否能够指导我开立动账提醒,退休了提公积金需要哪些资料,是否能够帮我开立动账提醒功能,是否能够帮我开立动账提醒,是否能够指导我开一下动账提醒功能,是否能够给我申请动账提醒,是否能够给我开立动账提醒,是否能够帮助我申请动账提醒,是否能够给我开立动账提醒功能,需要开一下动账提醒,是否能够帮助我开立动账提醒,是否能够帮助我开立动账提醒功能,退休了提公积金需要哪些材料,需要申请动账提醒,是否能够指导我开立动账提醒功能,需要开一下动账提醒功能,能不能帮助我开立动账提醒功能,0
保险退保时需要注意什么,dssm,手机银行的安全性如何,注销电话银行,想开黄金账户,想开一下黄金账户,想开一般户,想开建行卡,客服电话,建房批文是啥,什么是建房批文,建房批文是什么,想开一下电话银行,想开电话银行,叫号机在什么地方,龙支付定义,手机银行可以交保费吗,手机银行可以交保险费吗,我要领《就业失业手册》,怎么领《就业失业手册》,领一下《就业失业手册》,想开基本户,0
保险退保时需要注意什么,tfidf,时公积金账号,网银交保险费用,,,,,,,,,,,手机银行交保险费用,,,,,,,,0
龙卡-结算通卡介绍,topic,我要开建行龙卡,我之前有建行的信用卡，现在想办一张储蓄卡,能否申请建行卡,可不可以申请建行卡,首次申请建行储蓄卡有身份证就可以吗,能否开卡,可不可以开卡,有带军官证/武警证能否开立银行卡,有带军官证/武警证可不可以开立银行卡,可不可以开立银行卡,能否开立银行卡,有身份证可不可以申请建行卡,能否办卡,可不可以办卡,有身份证能否开通建行卡,有身份证可不可以开通建行卡,能否申请借记卡,可不可以申请借记卡,有身份证能否办卡,有身份证可不可以办卡,0
龙卡-结算通卡介绍,dssm,QYH,补办一下U盾,手机银行怎么交生活费用,手机银行交煤气费,支行名称,支行名称是什么,支行名称是啥,手机银行交电费,想开建行卡,手机银行交水电煤气费,关闭电话银行,客服电话,补办U盾,L5,L2,L6,手机银行能交汽车违章罚款吗,怎么再手机银行上交汽车违章罚款,客服联系方式,客服人员电话,0
龙卡-结算通卡介绍,tfidf,开建行龙卡,,,,,,,,,,,,,,,,,,,,0
信用卡挂失后存在的隐患,topic,我之前有建行的信用卡，现在想办一张储蓄卡,换银行卡怎么不换卡号,有带临时身份证可不可以开立银行卡,有带临时身份证怎么开立银行卡,有带临时身份证如何开立银行卡,有带临时身份证是否能够开通银行卡,有带临时身份证可不可以申请银行卡,有带临时身份证能否申请银行卡,有带临时身份证可不可以开通银行卡,有带临时身份证能否开通银行卡,我有带外国人永久居留证可不可以开立银行卡,我有带外国人永久居留证能否开立银行卡,怎么换银行卡不换卡号,信用卡密码想不起来了,信用卡密码忘了,记不到信用卡密码了,重新设置信用卡密码,重置信用卡密码,有带临时身份证是否能够开立银行卡,有带临时身份证能否开立银行卡,0
信用卡挂失后存在的隐患,dssm,手机银行的安全性如何,手机银行可以交保费吗,手机银行交水电煤气费,不用手机银行了,手机银行怎么交生活费用,手机银行交电费,想开建行卡,想开一下电话银行,想开电话银行,叫号机什么样子的,客服电话,领一下《就业失业手册》,手机银行可以交保险费吗,不想用手机银行了,叫号机在什么地方,不知道什么是叫号机,我不知道叫号机,什么是叫号机,叫号机,哪里找叫号机,0
信用卡挂失后存在的隐患,tfidf,测试重复问题信用卡北京,测试重复问题信用卡,测试重复问题信用卡上海广州白金会员,重置信用卡密码,信用卡密码重设,重设信用卡密码,,,,,,,测试重复问题信用卡北京11,手机银行还信用卡,测试重复问题信用卡1,测试重复问题信用卡2,手机银行挂失卡,电话银行办理挂失,挂失公积金存单,公积金存单挂失,0
微信银行进行信用卡还款说明,topic,我之前有建行的信用卡，现在想办一张储蓄卡,网银转账的额度上线,提高网银转账限额,网银转账限额,修改网银转账额度限制,降低网银转账额度限制,提高网银转账额度限制,网银转账多长时间能到账,怎么开立入账短信提示,如何开立入账短信提示,可不可以给我开立入账短信提示功能,可不可以给我开立入账短信提示,降低网银转账限额,怎么通过手机银行办理信用卡还款,网银转账限额修改,网银的转账限额是多少,网银的转账额度是多少,改一下网银转账限额,网银转账的额度限制,网银转账限额调整,0
微信银行进行信用卡还款说明,dssm,注销电话银行,想开建行卡,我不知道叫号机,想开黄金账户,想开一下黄金账户,什么是龙支付,龙支付是什么,龙支付是啥,叫号机什么样子的,手机银行怎么交生活费用,我要领《就业失业手册》,叫号机位置,想开龙支付,想开一下龙支付,想开一下电话银行,想开电话银行,想开基本户,想开一般户,不用手机银行了,不知道什么是叫号机,0
微信银行进行信用卡还款说明,tfidf,手机银行办理信用卡还款,通过手机银行办理信用卡还款,测试重复问题信用卡2,重置信用卡密码,测试重复问题信用卡1,信用卡密码重设,,,,,,,手机银行能给信用卡还款,测试重复问题信用卡北京,测试重复问题信用卡,测试重复问题信用卡北京11,测试重复问题信用卡上海广州白金会员,重设信用卡密码,手机银行还信用卡,信用卡密码想不起来,0
PAD银行转账收取手续费吗,topic,短信银行转账费用,短信银行转账收费吗,电话银行转账的额度限制,电话银行转账限额,手机银行转账限额修改,手机银行转账的额度限制,短信银行转账收多少钱,降低手机银行转账额度限制,手机银行转账限额调整,提高手机银行转账额度限制,电话银行的转账额度是多少,电话银行的转账限额是多少,短信银行转账收费标准,短信银行转账如何收费 ,短信银行转账怎么收费,短信银行转账咋收费呢,短信银行转账是什么收费的,降低手机银行转账限额,手机银行转账限额,提高手机银行转账限额,0
PAD银行转账收取手续费吗,dssm,TTY,提公积金交单位房的房租要准备哪些材料,我不知道智慧柜员机,智慧柜员机什么样子的,智慧柜员机,什么是智慧柜员机,哪里找智慧柜员机,智慧柜员机位置,智慧柜员机在什么地方,租房自住提取公积金的申请材料,租单位房，提取公积金的材料,提取公积金用于租单位房要准备哪些材料,提公积金交单位房房租要准备哪些资料,测试重复问题-信用卡-北京11,测试重复问题-信用卡-北京,预约了房屋加建公积金提取,啥叫智慧柜员机,介绍智慧柜员机,智慧柜员机在哪，怎么走,不知道什么是智慧柜员机,0
PAD银行转账收取手续费吗,tfidf,短信银行转账,短信银行转账收费,手机银行转账功能,怎么办短信银行,网银转账功能,短信银行功能,,,,,,,短信银行转账咋收费,短信银行转账收多少钱,短信银行转账收费标准,手机银行转账,电话银行转账,网银转账,电话银行怎么办转账,电话银行转账功能,0
手机银行购买外汇功能有哪些方式,topic,网银怎么操作国债购买,网银可以买国债吗,网银可不可以买基金,网银可以买基金吗,网银怎么买基金,网银可以买证券吗,网银可不可以买证券,网银怎么买证券,网银的转账限额是多少,网银的转账额度是多少,网银转账的额度限制,通过网银把活期转到定期,网银怎么买国债,网银可不可以买国债,网银怎么操作理财购买,网银可以买理财吗,网银怎么买理财,网银怎么操作基金购买,网银可不可以买理财,网银怎么操作证券购买,0
手机银行购买外汇功能有哪些方式,dssm,注销电话银行,我有带外国人永久居留证想开建行卡,想开一下龙支付,想开基本户,想开一般户,不用手机银行了,龙支付是啥,什么是龙支付,龙支付是什么,手机银行怎么交生活费用,不知道什么是叫号机,我不知道叫号机,我有带外国人永久居留证怎么办建行卡,我有带护照想开建行卡,想开建行卡,想开一下黄金账户,想开黄金账户,想开电话银行,想开一下电话银行,想开龙支付,0
手机银行购买外汇功能有哪些方式,tfidf,手机银行功能,手机银行功能介绍,手机银行能转账,不想用手机银行,手机银行会丢钱,手机银行交生活费用,,,,,,,手机银行转账功能,不用手机银行,手机银行服务,手机银行安全,手机银行安全性,关闭手机银行,手机银行转账,取消手机银行,0
自动转存定义,topic,是否能够帮助我打印公积金缴费记录,是否能够给我开立出账短信提示功能,是否能够给我开立网上银行功能,是否能够给我开立网银功能,是否能够告诉我开立出账短信提示功能,可不可以给我开立出账短信提示功能,是否能够给我开立电话查询功能,是否能够帮助我开立账户变动发短信功能,需要开立出账短信提示功能,是否能够帮助我开立网上银行功能,是否能够帮助我开立网银功能,是否能够给我开立入账短信提示功能,是否能够打印公积金缴费记录,告诉我是否能够打印公积金缴费记录,是否能够帮助我开立出账短信提示功能,是否能够给我开立账户变动发短信功能,是否能够指导我打印公积金缴费记录,龙支付定义,可不可以帮助我开立出账短信提示功能,是否能够指导我开立出账短信提示功能,0
自动转存定义,dssm,手机银行怎么交生活费用,手机银行交保费,想开一下电话银行,我要领《就业失业手册》,手机银行交水电煤气费,客服电话,建房批文是什么,建房批文是啥,什么是建房批文,不用手机银行了,想开建行卡,手机银行交煤气费,手机银行怎么交保费,手机银行交保险费,手机银行怎么交保险费,手机银行怎么交交通违章罚款,手机银行交电费,怎么领《就业失业手册》,领一下《就业失业手册》,想开电话银行,0
自动转存定义,tfidf,龙支付定义,2类账户定义,,,,,,,,,,,1类账户定义,,,,,,,,0
网银上怎么预约挂号,topic,可不可以告诉我开立网上银行功能,可不可以告诉我开立网银功能,怎么通过网银查询明细,可不可以帮助我开立网上银行,可不可以帮助我开立网银,网银怎么转账,可不可以给我申请网上银行,可不可以给我申请网银,网银转账多长时间能收到钱,怎么开立网上银行,怎么开立网银,如何开立网银,如何申请网银,如何申请网上银行,怎么申请网银,怎么申请网上银行,可不可以帮助我开立网上银行功能,可不可以帮助我开立网银功能,可不可以给我开立网银功能,可不可以给我开立网上银行功能,0
网银上怎么预约挂号,dssm,叫号机什么样子的,想开基本户,我不知道叫号机,叫号机位置,我要领《就业失业手册》,想开一般户,怎么领《就业失业手册》,领一下《就业失业手册》,想开建行卡,建房批文是什么,建房批文是啥,什么是建房批文,想开一下黄金账户,想开黄金账户,想开一下龙支付,想开龙支付,想开一下电话银行,想开电话银行,客服电话,不知道什么是叫号机,0
网银上怎么预约挂号,tfidf,网银上怎么办黄金定投,网银功能,不用网银,网银安全性,网银服务,在网银上把活期存款转到定期存款,,,,,,,怎么办网银,怎么办网银功能,网银功能介绍,网银上办理定投黄金,在微信上预约提取公积金,微信上办理公积金提取预约,取消网银,关闭网银,0
手机接收不了短信验证码,topic,手机解绑,换号解绑手机设备,通过手机修改公积金密码,怎么在手机上修改公积金密码,可不可以告诉我申请入账短信提示功能,可不可以告诉我开通入账短信提示功能,可不可以给我申请入账短信提示功能,原来的手机号不用了注销绑定,可不可以告诉我开通出账短信提示功能,可不可以告诉我申请出账短信提示功能,可不可以给我申请出账短信提示功能,可不可以帮助我申请入账短信提示功能,注销手机绑定,取消手机绑定,解除手机绑定,解绑手机设备,未换号解绑手机设备,换新手机号了解绑原来的手机,换新手机了解绑旧手机,手机怎么修改公积金密码,0
手机接收不了短信验证码,dssm,注销电话银行,客服电话,想开一下黄金账户,想开黄金账户,怎么领《就业失业手册》,领一下《就业失业手册》,想开建行卡,我不知道叫号机,不知道什么是叫号机,想开龙支付,想开一下龙支付,想开一般户,想开基本户,建房批文是啥,什么是建房批文,建房批文是什么,什么是龙支付,龙支付是啥,龙支付是什么,我要领《就业失业手册》,0
手机接收不了短信验证码,tfidf,手机解绑,解绑手机设备,法人来不了开通基本户,法人来不了办理一般存款账户,法人来不了开立基本户,法人来不了申请一般存款账户,,,,,,,解除手机绑定,注销手机绑定,取消手机绑定,手机修改公积金密码,换号解绑手机设备,法人来不了开通一般存款账户,法人来不了申请基本户,法人来不了办理基本户,0
定活两便存款额度有什么限制,topic,在网银上把活期转到定期,《住房公积金定期转账提取协议书》在哪里领,怎么打印公积金单位缴存部分的证明,找不到我的公积金存折了,办理《住房公积金定期转账提取协议书》,查一下公积金账户上的余额是多少,怎么打印公积金单位缴存证明,租单位房子要提取公积金要准备哪些申请材料,已经从公司离职提取公积金怎么盖章,公积金存折找不到了,打印公积金缴存证明-单位,网银办理活期转定期,通过网银把活期转到定期,我要领《住房公积金定期转账提取协议书》,我来领《住房公积金定期转账提取协议书》,怎么领《住房公积金定期转账提取协议书》,领一下《住房公积金定期转账提取协议书》,领一本《住房公积金定期转账提取协议书》,领取《住房公积金定期转账提取协议书》,我要打印单位部分的公积金缴存证明,0
定活两便存款额度有什么限制,dssm,注销电话银行,怎么领《就业失业手册》,手机银行怎么交保费,手机银行交保险费,我要领《就业失业手册》,手机银行交煤气费,手机银行交水电煤气费,想开建行卡,哪里找叫号机,手机银行的安全性如何,手机银行怎么交交通违章罚款,客服电话,领一下《就业失业手册》,手机银行交电费,建房批文是什么,建房批文是啥,什么是建房批文,手机银行怎么交生活费用,手机银行交保费,手机银行怎么交保险费,0
定活两便存款额度有什么限制,tfidf,手机银行转账额度限制,网银转账额度限制,,,,,,,,,,,电话银行转账额度限制,提高手机银行转账额度限制,修改网银转账额度限制,修改手机银行转账额度限制,降低手机银行转账额度限制,提高网银转账额度限制,降低网银转账额度限制,,0
代理办理换折业务,topic,对公业务办理,办理对公业务,办理公积金业务,想办理公积金业务,怎样办理公积金业务,我想要办理公积金业务,如何办理公积金业务,怎么办理公积金业务,想要办公积金业务,我想办理公积金业务,办公积金业务,我要办理公积金业务,办对公业务,办一下对公业务,我要办理对公业务,我想办理对公业务,我要办对公业务,我要办一下对公业务,想要办理公积金业务,公积金业务办理,0
代理办理换折业务,dssm,手机银行的安全性如何,叫号机什么样子的,怎么领《就业失业手册》,什么是建房批文,建房批文是什么,建房批文是啥,手机银行交煤气费,我不知道叫号机,不知道什么是叫号机,想开龙支付,想开一下龙支付,想开一下电话银行,想开一般户,客服电话,我要领《就业失业手册》,想开建行卡,想开基本户,想开黄金账户,想开一下黄金账户,领一下《就业失业手册》,0
代理办理换折业务,tfidf,公积金业务办理,办理公积金业务,办理公积金,办理网银,办理短信,办理储蓄卡,,,,,,,对公业务办理,办理对公业务,办理基本户,办理卡,办理建行卡,办理银行卡,办理龙支付,办理电话银行,0
未到期的黄金定投赎回会有什么影响,topic,没有预约能提公积金里的钱吗,提公积金可以预约得时间有哪些,在当地买了拍卖房，预约了公积金首次提取,我修了房子，要提公积金，已经预约了,不预约能不能提公积金,我是来提取公积金的，之前预约了,在广州买的拍卖房，预约了公积金首次提取,可不可以不预约直接提公积金,在当地买了房，预约了公积金首次提取,我还没预约能不能提取公积金,没有预约能提公积金吗,在广州买的房，预约了公积金首次提取,我还没预约能不能提公积金,网银上怎么办黄金定投,已经从公司辞职提公积金怎么盖章,不是在广州买的房，预约了公积金提取,找不到我的公积金存折了,可以预约什么时候来提公积金,我预约了本地拍卖买房首次提公积金，请问怎么办理,能预约什么时间段来提公积金,0
未到期的黄金定投赎回会有什么影响,dssm,注销电话银行,注销动账提醒,哪里找叫号机,不用手机银行了,怎么领《就业失业手册》,领一下《就业失业手册》,想开电话银行,想开一下电话银行,想开建行卡,想开基本户,建房批文是啥,什么是建房批文,手机银行的安全性如何,叫号机在什么地方,我有带护照想开建行卡,不想用手机银行了,想开一下黄金账户,想开黄金账户,手机银行可以交保险费吗,手机银行可以交保费吗,0
未到期的黄金定投赎回会有什么影响,tfidf,手机银行定投黄金,网银办理黄金定投,手机银行操作黄金购定投,开卡但手里目前一张会影响,手机银行会丢钱,手机银行认购黄金,,,,,,,通过网银定投黄金,网银办黄金定投,手机银行能定投黄金,手机银行能不能定投黄金,网银上怎么办黄金定投,网银上办理定投黄金,网银能办黄金定投,网银能不能办黄金定投,0
ATM&CRS转账输错账号如何解决,topic,网银转账多久能收到钱,通过网银转账多久能收到钱,网银怎么转账,网银可以转账吗,通过网银转账多久能到账,网银转账到账时间,网银转账多长时间能到账,降低网银转账额度限制,可不可以帮助我开立账户变动发短信功能,降低网银转账限额,提高网银转账额度限制,提高网银转账限额,网银转账多长时间能收到钱,网银的转账额度是多少,网银的转账限额是多少,网银转账的额度上线,修改网银转账额度限制,网银转账限额修改,网银转账的额度限制,改一下网银转账限额,0
ATM&CRS转账输错账号如何解决,dssm,TTY,测试重复问题-信用卡-北京11,公积金微信公众号上我的电话号有误,提公积金交单位房房租要准备哪些资料,租单位房，提取公积金的材料,智慧柜员机在哪，怎么走,不知道什么是智慧柜员机,我不知道智慧柜员机,智慧柜员机什么样子的,什么是智慧柜员机,智慧柜员机,智慧柜员机位置,公积金的微信上我的电话号码是有误,测试重复问题-信用卡-北京,预约了房屋加建公积金提取,公积金得微信公众号上我的电话号码是有误,我在公积金微信公众号上得电话号有误,提公积金交单位房的房租要准备哪些材料,租村里的房子提取公积金的申请材料,租城中村提取公积金的申请材料,0
ATM&CRS转账输错账号如何解决,tfidf,公积金账号,电话银行转账,通过电话银行转账,电话银行办理转账,公积金账号不知晓,手机银行办理转账,,,,,,,手机银行转账,网银转账,网银转账功能,电话银行转账功能,手机银行转账功能,电话银行怎么办转账,电话银行能不能转账,电话银行能转账,0
约定还款余额不足怎么扣款,topic,查询公积金余额,查一下公积金账户上的余额是多少,是否能够给我开立入账短信提示,领取《住房公积金定期转账提取协议书》,能不能给我开立入账短信提示,怎样开立入账短信提示,如何开立入账短信提示功能,怎么开立入账短信提示功能,需要开立入账短信提示,网银转账的额度限制,降低网银转账额度限制,降低网银转账限额,给我查一下公积金余额,帮我查一下公积金账户上的余额,如何开立入账短信提示,怎么开立入账短信提示,要开立入账短信提示,我要领《住房公积金定期转账提取协议书》,网银的转账额度是多少,网银的转账限额是多少,0
约定还款余额不足怎么扣款,dssm,注销电话银行,我要领《就业失业手册》,手机银行怎么交保险费,手机银行交保险费,手机银行交保费,手机银行怎么交保费,手机银行怎么交生活费用,想开建行卡,手机银行交电费,叫号机什么样子的,想开黄金账户,想开一下黄金账户,手机银行交煤气费,怎么领《就业失业手册》,领一下《就业失业手册》,手机银行交水电煤气费,建房批文是啥,什么是建房批文,建房批文是什么,叫号机位置,0
约定还款余额不足怎么扣款,tfidf,查询公积金余额,给查公积金余额,,,,,,,,,,,手机银行办理信用卡还款,手机银行能给信用卡还款,通过手机银行办理信用卡还款,查公积金账户上余额多少,帮查公积金账户上余额,,,,0
一手住房贷款释义,topic,租单位房子要提取公积金要准备哪些申请材料,我要领《住房公积金定期转账提取协议书》,租单位房子要提取公积金要准备哪些申请资料,领一下《住房公积金定期转账提取协议书》,怎么领《住房公积金汇缴书》,我来领《住房公积金定期转账提取协议书》,《住房公积金定期转账提取协议书》在哪里领,非本地房产的公积金申请材料,领取《住房公积金定期转账提取协议书》,本地贷款买房首次公积金提取，已预约,提取公积金用于租单位房要准备哪些资料,提取公积金用于租单位房要准备哪些材料,我要领《住房公积金汇缴书》,租村里的房子提取公积金的申请材料,公积金提取-已预约-租单位房的申请材料,租城中村提取公积金的申请材料,领一本《住房公积金定期转账提取协议书》,怎么领《住房公积金定期转账提取协议书》,提公积金来租单位房子需要写什么资料,提公积金来租单位房子需要写什么材料,0
一手住房贷款释义,dssm,想开一下黄金账户,想开黄金账户,手机银行交电费,哪里找叫号机,想开基本户,客服电话,想开一般户,什么是叫号机,叫号机,建房批文是什么,什么是建房批文,建房批文是啥,领一下《就业失业手册》,怎么领《就业失业手册》,我要领《就业失业手册》,手机银行怎么交保险费,手机银行交保险费,手机银行怎么交保费,手机银行交保费,手机银行怎么交生活费用,0
一手住房贷款释义,tfidf,测试重复问题信用卡北京11,,,,,,,,,,,,,,,,,,,,0
如何撤销鑫存管签约账户,topic,网银怎么查账户明细,怎么开立账户变动发短信,想要开立账户变动发短信,可否开通对公账户,可不可以帮助我开立账户变动发短信,要开立账户变动发短信,如何申请账户变动发短信,怎么申请账户变动发短信,想开通对公账户,如何开立账户变动发短信功能,怎么开立账户变动发短信功能,可不可以指导我开立账户变动发短信功能,如何开立账户变动发短信,如何开通对公账户,想开立账户变动发短信,如何申请对公账户,怎样开立账户变动发短信,可不可以指导我开立账户变动发短信,可不可以给我开立账户变动发短信,可以给我开立账户变动发短信,0
如何撤销鑫存管签约账户,dssm,叫号机在什么地方,手机银行可以交保险费吗,想开一下电话银行,想开电话银行,手机银行怎么交生活费用,手机银行怎么交交通违章罚款,手机银行交水电煤气费,叫号机什么样子的,想开建行卡,不用手机银行了,想开一般户,手机银行交电费,手机银行可以交保费吗,手机银行的安全性如何,不想用手机银行了,龙支付定义,客服电话,什么是龙支付,龙支付是什么,龙支付是啥,0
如何撤销鑫存管签约账户,tfidf,怎么办账户,1类账户2类账户介绍,1类账户与2类账户一致,想开账户,申请账户,2类账户,,,,,,,1类账户2类账户区别,1类账户2类账户不同,1类账户2类账户是不是不一样,异类账户,办账户,1类账户,开账户,办理账户,0
查询个贷网点信息的渠道,topic,怎么通过网银查询贷款信息,怎么通过网银查询明细,想要开立电话查询功能,什么是公积金中心经办网点,公积金中心经办网点在哪里,可不可以给我开立电话查询功能,如何开立电话查询,怎么开立电话查询,要开立电话查询功能,可不可以指导我开立电话查询功能,可以帮助我开立电话查询功能,是否能够给我开立电话查询功能,公积金中心经办网点有哪些,个人开户-带了身份证-开过个人账户-一类户和二类户的区别,如何开立电话查询功能,怎么开立电话查询功能,不知道公积金经办网点,网银怎么查贷款信息,怎样开立电话查询功能,可不可以帮助我开立电话查询功能,0
查询个贷网点信息的渠道,dssm,手机银行的安全性如何,不知道什么是叫号机,客服电话,想开一下黄金账户,想开黄金账户,叫号机什么样子的,想开电话银行,想开一下电话银行,龙支付是什么,龙支付是啥,什么是龙支付,哪里找叫号机,我不知道叫号机,想开一般户,不用手机银行了,领一下《就业失业手册》,怎么领《就业失业手册》,想开建行卡,叫号机,什么是叫号机,0
查询个贷网点信息的渠道,tfidf,通过网银查询贷款信息,怎么办电话查询,开立电话查询,开电话查询功能,申请电话查询功能,开通电话查询功能,,,,,,,怎么办电话查询功能,办电话查询,申请电话查询,办理电话查询,开通电话查询,开电话查询,想开电话查询,查询公积金余额,0
教育储蓄最少存多少,topic,可不可以存公积金,能否存公积金,我要存公积金,我要领《住房公积金定期转账提取协议书》,怎么领《住房公积金定期转账提取协议书》,《住房公积金定期转账提取协议书》在哪里领,提取公积金可以预约得时间有哪些,我要打印单位部分的公积金缴存证明,我来领《住房公积金定期转账提取协议书》,能不能存公积金,领一下《住房公积金定期转账提取协议书》,领一本《住房公积金定期转账提取协议书》,能否帮助我存公积金,可不可以帮助我存公积金,我需要存公积金,没预约能不能存公积金,可不可以指导我存公积金,能否指导我存公积金,告诉我能否存公积金,告诉我可不可以存公积金,0
教育储蓄最少存多少,dssm,叫号机什么样子的,手机银行怎么交生活费用,领一下《就业失业手册》,怎么领《就业失业手册》,我不知道叫号机,不知道什么是叫号机,我要领《就业失业手册》,什么是叫号机,叫号机,客服电话,手机银行怎么交交通违章罚款,叫号机在什么地方,手机银行交煤气费,手机银行怎么交保险费,手机银行怎么交保费,手机银行交保费,手机银行交保险费,哪里找叫号机,手机银行交电费,手机银行交水电煤气费,0
教育储蓄最少存多少,tfidf,存公积金,怎么办存公积金,告诉怎么办存公积金,办存公积金业务,告诉怎么办存公积金业务,这里能存公积金,,,,,,,怎么办存公积金业务,能不能存公积金,告诉存公积金,预约存公积金,办存公积金,办理存公积金,客户客服电话多少,办理存公积金业务,0
网银如何归还信用卡英镑欠款,topic,网银转账限额修改,改一下网银转账限额,网银转账多长时间能到账,修改网银转账额度限制,网银转账的额度上线,网银转账限额调整,网银转账多长时间能收到钱,网银怎么缴保费,降低网银转账额度限制,提高网银转账额度限制,网银怎么缴保险费,网银转账多久能收到钱,网银转账的额度限制,网银的转账额度是多少,网银的转账限额是多少,降低网银转账限额,提高网银转账限额,网银转账限额,网银怎么缴话费,网银怎么缴生活费用,0
网银如何归还信用卡英镑欠款,dssm,叫号机什么样子的,我不知道叫号机,手机银行交水电煤气费,想开电话银行,想开一下电话银行,我要领《就业失业手册》,手机银行交电费,怎么领《就业失业手册》,领一下《就业失业手册》,想开基本户,手机银行怎么交保费,手机银行交保险费,不知道什么是叫号机,叫号机位置,想开建行卡,哪里找叫号机,手机银行怎么交生活费用,什么是叫号机,叫号机,手机银行交煤气费,0
网银如何归还信用卡英镑欠款,tfidf,网银功能,怎么办网银,网银安全性,关闭网银,测试重复问题信用卡北京11,开立网银,,,,,,,网银功能介绍,怎么办网银功能,不用网银,想开网银,办网银,取消网银,网银转账,注销网银,0
个人账户贵金属的定投业务具体内容,topic,微信预约公积金提取业务怎么操作,网银可不可以办结售汇业务,怎么办公积金缴存业务,怎么办公积金交费业务,告诉我怎么办公积金汇缴业务,我想办公积金缴存业务,网银办理结售汇业务,怎么办一下公积金提取业务,我想办一下公积金缴存业务,怎么办一下公积金缴存业务,我想办公积金提取业务,能否帮助我办公积金汇缴业务,怎么办公积金汇缴业务,我想办公积金汇缴业务,公积金汇缴业务,怎么办公积金提取业务,想办一下公积金汇缴业务,我想办一下公积金汇缴业务,想办公积金汇缴业务,怎么办一下公积金汇缴业务,0
个人账户贵金属的定投业务具体内容,dssm,手机银行的安全性如何,注销电话银行,想开一般户,想开黄金账户,想开一下黄金账户,建房批文是什么,建房批文是啥,什么是建房批文,龙支付是啥,什么是龙支付,龙支付是什么,想开基本户,领取《就业失业手册》,叫号机在什么地方,我有带护照想开建行卡,手机银行可以交保险费吗,手机银行可以交保费吗,想开电话银行,想开一下电话银行,不用手机银行了,0
个人账户贵金属的定投业务具体内容,tfidf,手机银行定投黄金,代办个人账户开户,网银能办黄金定投,网银上办理定投黄金,个人开户带身份证开过个人账户,个人开户带身份证未开过个人账户,,,,,,,网银办黄金定投,手机银行能不能定投黄金,通过网银定投黄金,网银办理黄金定投,手机银行能定投黄金,网银上怎么办黄金定投,网银能不能办黄金定投,手机银行操作黄金购定投,0
怎么查询住房公积金缴存情况,topic,怎么领《住房公积金汇缴书》,怎么领《住房公积金补缴清册》,我来领《住房公积金补缴清册》,想办一下公积金缴存,如何印公积金缴存证明,怎么印公积金缴存证明,我想办公积金缴存,领一本《住房公积金补缴清册》,怎么办公积金缴存,没有预约能缴存公积金吗,想办公积金缴存,怎么汇缴公积金,领取《住房公积金汇缴书》,我要领《住房公积金汇缴书》,领一下《住房公积金汇缴书》,我要领《住房公积金补缴清册》,领一下《住房公积金补缴清册》,《住房公积金补缴清册》在哪里领,领取《住房公积金补缴清册》,我来领《住房公积金汇缴书》,0
怎么查询住房公积金缴存情况,dssm,叫号机在什么地方,手机银行可以交保费吗,手机银行怎么交保险费,手机银行交保费,手机银行怎么交保费,客服电话,哪里找叫号机,叫号机,什么是叫号机,叫号机什么样子的,手机银行怎么交交通违章罚款,怎么领《就业失业手册》,手机银行可以交保险费吗,龙支付定义,手机银行的安全性如何,手机银行交水电煤气费,手机银行怎么交生活费用,手机银行交电费,手机银行交煤气费,手机银行交保险费,0
怎么查询住房公积金缴存情况,tfidf,怎么办公积金缴存,公积金缴存业务,预约缴存公积金办理,打印公积金缴存证明,告诉办公积金缴存,公积金,,,,,,,怎么办公积金缴存业务,办理公积金缴存,办公积金缴存,查询公积金余额,办理公积金缴存业务,办公积金缴存业务,告诉怎么办公积金缴存,告诉怎么办公积金缴存业务,0
密码忘了能在自助取款机上取款吗,topic,可不可以帮助我开立电话改密码功能,储蓄卡密码忘了,可以帮助我开立电话改密码功能,能不能给我开立电话改密码功能,记不到储蓄卡密码了,不知道什么是自助柜员机,能不能帮助我开立电话改密码,可以帮我开立电话改密码功能,可不可以给我开立电话改密码,能不能帮我开立电话改密码,可以给我开立电话改密码功能,是否能够帮助我开立电话改密码功能,可不可以给我开立电话改密码功能,储蓄卡密码想不起来了,可不可以指导我开立电话改密码功能,可不可以帮助我开立电话改密码,能够帮我改银行卡密码吗,可不可以告诉我开立电话改密码功能,能不能帮助我开立电话改密码功能,能不能帮我开立电话改密码功能,0
密码忘了能在自助取款机上取款吗,dssm,注销电话银行,想开基本户,想开一下龙支付,什么是建房批文,建房批文是啥,建房批文是什么,不用手机银行了,我不知道叫号机,不知道什么是叫号机,手机银行怎么交生活费用,我要领《就业失业手册》,叫号机什么样子的,想开一般户,客服电话,想开黄金账户,想开一下黄金账户,想开一下电话银行,想开电话银行,想开建行卡,想开龙支付,0
密码忘了能在自助取款机上取款吗,tfidf,密码忘,在手机上修改公积金密码,手机银行或网银密码忘,自助柜员机在哪走,能帮助申请电话改密码,能指导开电话改密码,,,,,,,存单密码忘,账户密码忘,储蓄卡密码忘,自助柜员机在地方,自助叫号机在哪里,在手机银行上挂失银行卡,这里能修改密码公积金,这里能改公积金密码,0
能否使用拉卡拉还款,topic,可不可以给我开立入账短信提示功能,可不可以帮助我开立入账短信提示功能,可不可以给我申请入账短信提示功能,可不可以给我开立出账短信提示功能,可不可以告诉我开立出账短信提示,可不可以帮助我开立出账短信提示功能,可不可以告诉我开立出账短信提示功能,可不可以给我开入账短信提示功能,可不可以告诉我申请入账短信提示功能,可不可以帮助我申请入账短信提示功能,可不可以给我申请入账短信提示,可不可以指导我开立出账短信提示,可不可以告诉我开立入账短信提示功能,可不可以帮助我开立入账短信提示,可不可以给我开立入账短信提示,可不可以指导我开立入账短信提示功能,可不可以告诉我开立入账短信提示,可不可以帮助我开立出账短信提示,可不可以给我开立出账短信提示,可不可以指导我开立入账短信提示,0
能否使用拉卡拉还款,dssm,手机银行的安全性如何,注销电话银行,我不知道叫号机,手机银行交水电煤气费,领一下《就业失业手册》,怎么领《就业失业手册》,手机银行怎么交生活费用,手机银行交电费,想开建行卡,哪里找叫号机,手机银行交保费,手机银行怎么交保费,叫号机什么样子的,叫号机,什么是叫号机,叫号机位置,叫号机在什么地方,我要领《就业失业手册》,手机银行交煤气费,不知道什么是叫号机,0
能否使用拉卡拉还款,tfidf,手机银行办理信用卡还款,手机银行能给信用卡还款,,,,,,,,,,,通过手机银行办理信用卡还款,,,,,,,,0
账户销户后还可以转入资金吗,topic,能不能帮助我开立账户变动发短信,可以帮助我开立账户变动发短信,是否能够帮我开立账户变动发短信,是否能够指导我开立账户变动发短信,要开立账户变动发短信,能不能告诉我开立账户变动发短信,可不可以帮助我开立账户变动发短信,可以告诉我开立账户变动发短信,可不可以帮助我开立黄金账户,想开立账户变动发短信,是否能够告诉我开立账户变动发短信,可不可以帮助我开立黄金账户功能,能不能给我开立账户变动发短信,是否能够给我开立账户变动发短信,可以给我开立账户变动发短信,能不能帮我开立账户变动发短信,能不能指导我开立账户变动发短信,是否能够帮助我开立账户变动发短信,可以帮我开立账户变动发短信,可以指导我开立账户变动发短信,0
账户销户后还可以转入资金吗,dssm,叫号机在什么地方,手机银行的安全性如何,想开一下电话银行,想开电话银行,怎么领《就业失业手册》,领一下《就业失业手册》,龙支付定义,手机银行怎么交交通违章罚款,想开建行卡,手机银行怎么交生活费用,想开基本户,想开黄金账户,手机银行可以交保费吗,手机银行可以交保险费吗,客服电话,测试,想开一般户,建房批文是啥,建房批文是什么,什么是建房批文,0
账户销户后还可以转入资金吗,tfidf,怎么办账户,1类账户2类账户介绍,想开账户,2类账户,开账户,开通账户,,,,,,,帮查询公积金账户还剩多少钱,1类账户2类账户不同,1类账户2类账户区别,申请账户,1类账户2类账户是不是不一样,1类账户与2类账户一致,办理账户,异类账户,0
个人资信证明有效期相关事项,topic,怎么打印公积金个人缴存部分的证明,我要打印个人部分的公积金缴存证明,是否能够指导我办一下复印公积金缴存证明,是否能够帮助我办公积金缴存证明打印,是否能够指导我办公积金缴存证明打印,是否能够办一下复印公积金缴存证明,是否能够帮助我办一下公积金缴存证明打印,是否能够指导我办理复印公积金缴存证明,是否能够指导我办一下公积金缴存证明打印,我需要办理复印公积金缴存证明,告诉我是否能够办复印公积金缴存证明,是否能够帮助我办理公积金缴存证明打印,怎么打印公积金个人缴存证明,我需要办一下复印公积金缴存证明,是否能够帮助我办复印公积金缴存证明,我需要办复印公积金缴存证明,是否能够帮助我办一下复印公积金缴存证明,是否能够指导我办复印公积金缴存证明,是否能够帮助我办理复印公积金缴存证明,个人开户-带了身份证-不记得是否开过个人账户,0
个人资信证明有效期相关事项,dssm,手机银行的安全性如何,想开基本户,不用手机银行了,怎么领《就业失业手册》,领一下《就业失业手册》,想开一下电话银行,想开电话银行,不知道什么是叫号机,我不知道叫号机,哪里找叫号机,我要领《就业失业手册》,想开龙支付,什么是建房批文,建房批文是啥,建房批文是什么,想开一下黄金账户,想开黄金账户,想开一般户,领取《就业失业手册》,想开建行卡,0
个人资信证明有效期相关事项,tfidf,个人开户,怎么办个人网银,开立个人网银功能,办个人网银功能,开通个人网银功能,办理个人网银功能,,,,,,,怎么办个人网银功能,开立个人网银,想开个人网银,办个人网银,开通个人网银,申请个人网银,办理个人网银,开个人网银,0
怎么说我的电话银行的密码被锁住了，用不了了呢,topic,能够帮我改银行卡密码吗,可不可以帮助我开一下电话改密码功能,是否能够帮助我开一下电话改密码功能,可不可以帮助我开电话改密码功能,能不能告诉我开一下电话改密码功能,可不可以告诉我开一下电话改密码功能,是否能够帮我开一下电话改密码功能,是否能够告诉我开立电话改密码功能,是否能够给我开一下电话改密码,是否能够告诉我开一下电话改密码,是否能够帮助我开立电话改密码,是否能够帮助我开立电话改密码功能,我想改一下我的银行卡密码,我想改一下我的存折密码,是否能够帮助我开一下电话改密码,能不能帮助我开一下电话改密码,能够帮我改存折密码吗,是否能够帮我开一下电话改密码,是否能够告诉我开一下电话改密码功能,能不能帮助我开一下电话改密码功能,0
怎么说我的电话银行的密码被锁住了，用不了了呢,dssm,《就业失业手册》在哪里领,叫号机在哪，怎么走,法人来不了怎么能够开一般户,法人来不了怎么能够开基本户,法人没来怎么能够办一般户,法人没来怎么能够办基本户,法人来不了怎么能够办一般户,法人来不了怎么能够办基本户,我用我身份证给我孩子办卡,可以帮我办一下龙支付,可以帮我办龙支付,可以帮我办黄金账户,叫号机在哪,自助机在哪里,可以用手机银行排号吗,法人没来怎么能够开一般户,法人没来怎么能够开基本户,我用我身份证帮我孩子办卡,法人没来怎么能够办理基本户,法人没来怎么能够办理一般户,0
怎么说我的电话银行的密码被锁住了，用不了了呢,tfidf,怎么办电话银行,怎么办电话银行功能,取消电话银行,密码修改,改密码,密码重设,,,,,,,用新手机改公积金密码,重设密码或修改密码,重设密码或变动密码,想开电话银行,开通电话银行,电话银行转账,电话银行费用,电话银行收费,0
办理国债兑付需要什么,topic,我需要办理公积金交费,我需要办理公积金汇缴,能否办理公积金交费,可不可以办理公积金交费,能不能办理公积金交费,我想要办理公积金交费,想办理公积金交费,我想办理公积金交费,我要办理公积金汇缴,想要办理公积金交费,我需要办一下公积金交费,是否能够办理公积金汇缴,我需要办公积金交费,如何办理公积金交费,怎么办理公积金交费,我要办理公积金交费,怎样办理公积金交费,需要办理对公户,是否能够办理公积金交费,我需要办公积金汇缴,0
办理国债兑付需要什么,dssm,手机银行的安全性如何,想开基本户,想开电话银行,想开一下电话银行,建房批文是什么,建房批文是啥,什么是建房批文,想开龙支付,想开一下龙支付,不用手机银行了,手机银行怎么交生活费用,手机银行交煤气费,我要领《就业失业手册》,想开一下黄金账户,想开黄金账户,想开建行卡,客服电话,想开一般户,领一下《就业失业手册》,怎么领《就业失业手册》,0
办理国债兑付需要什么,tfidf,办理建行卡,办理卡,办理基本户,办理公积金,办理电话,办理电话银行,,,,,,,办理储蓄卡,办理龙支付,办理网银,办理账户,办理一般存款账户,办理黄金账户,办理短信,办理银行卡,0
手机银行转账额度受限制,topic,网银转账的额度限制,修改网银转账额度限制,网银的转账限额是多少,改一下网银转账限额,网银转账的额度上线,网银怎么转账,网银转账,网银可以转账吗,通过网银转账,网银转账功能,网银转账多久能收到钱,网银转账多长时间能收到钱,降低网银转账额度限制,提高网银转账额度限制,网银转账限额修改,网银转账限额,降低网银转账限额,提高网银转账限额,网银转账限额调整,网银的转账额度是多少,0
手机银行转账额度受限制,dssm,想开建行卡,注销电话银行,想开一般户,我要领《就业失业手册》,领一下《就业失业手册》,怎么领《就业失业手册》,想开基本户,建房批文是啥,什么是建房批文,建房批文是什么,手机银行怎么交生活费用,想开黄金账户,客服电话,想开一下龙支付,想开龙支付,什么是龙支付,龙支付是什么,龙支付是啥,想开电话银行,想开一下电话银行,0
手机银行转账额度受限制,tfidf,手机银行转账额度,手机银行转账额度上线,手机银行转账功能,降低手机银行转账额度限制,提高手机银行转账额度限制,修改手机银行转账额度限制,,,,,,,手机银行转账额度多少,手机银行转账额度调整,改手机银行转账额度,降低手机银行转账额度,提高手机银行转账额度,手机银行转账额度修改,手机银行转账额度限制,手机银行转账,0
智慧柜员机回单补打功能的使用步骤,topic,智慧柜员机在哪，怎么走,智慧柜员机什么样子的,啥叫智慧柜员机,可不可以给我开立出账短信提示功能,可不可以帮助我开立出账短信提示功能,可不可以指导我开立出账短信提示功能,不知道什么是自助柜员机,智慧柜员机长什么样,能不能给我开立出账短信提示功能,是否能够给我开立出账短信提示功能,需要开立出账短信提示功能,可以给我开立出账短信提示功能,什么是智慧柜员机,哪里找智慧柜员机,不知道什么是智慧柜员机,智慧柜员机在什么地方,我不知道智慧柜员机,智慧柜员机位置,自助柜员机什么样子的,自助柜员机在哪，怎么走,0
智慧柜员机回单补打功能的使用步骤,dssm,我有带护照想开建行卡,注销电话银行,叫号机在哪,手机银行的安全性如何,《就业失业手册》在哪里领,自助机在哪里,不想用手机银行了,手机银行怎么交交通违章罚款,想开基本户,我要领《就业失业手册》,想开建行卡,龙支付是什么,叫号机在什么地方,领取《就业失业手册》,我有带外国人永久居留证想开建行卡,我有带护照怎么办建行卡,龙支付定义,手机银行可以交保险费吗,手机银行可以交保费吗,叫号机在哪，怎么走,0
智慧柜员机回单补打功能的使用步骤,tfidf,智慧柜员机,介绍智慧柜员机,自助柜员机,介绍自助柜员机,不知晓自助柜员机,哪里找自助柜员机,,,,,,,智慧柜员机样子,智慧柜员机长,不知晓智慧柜员机,哪里找智慧柜员机,叫智慧柜员机,智慧柜员机位置,智慧柜员机在地方,智慧柜员机在哪走,0
初始密码修改有什么要求,topic,我的手机号换了如何修改公积金密码,旧的手机号没用了怎么修改公积金密码,我想代别人开卡，但没带身份证怎么办,我没有身份证需要开卡,有带临时身份证是否能够开卡,有身份证是否能够开卡,告诉我是否能够办一下公积金修改密码,我想替别人开卡，但没带身份证怎么办,忘记带身份证是否能够开卡,告诉我能不能修改密码公积金,我想帮别人开卡，但没带身份证怎么办,是否能够告诉我开立出账短信提示功能,原来的手机号注销了怎么修改公积金密码,告诉我是否能够修改密码公积金,我没有身份证是否能够开卡,是否能够帮助我修改密码公积金,是否能够指导我修改密码公积金,我带了身份证是否能够开卡,原来的手机号码不用了需要解绑,我想给别人开卡，但没带身份证怎么办,0
初始密码修改有什么要求,dssm,想开一般户,想开建行卡,想开电话银行,想开一下电话银行,叫号机什么样子的,怎么领《就业失业手册》,领一下《就业失业手册》,手机银行交电费,想开一下龙支付,想开龙支付,我不知道叫号机,不知道什么是叫号机,想开一下黄金账户,想开黄金账户,建房批文是什么,什么是建房批文,建房批文是啥,想开基本户,我要领《就业失业手册》,哪里找叫号机,0
初始密码修改有什么要求,tfidf,密码修改,修改密码,网银转账额度修改,修改或重置密码,告诉修改密码公积金,能不能修改密码公积金,,,,,,,修改银行卡密码,修改存单密码,修改公积金密码,修改密码公积金,怎么办公积金修改密码,公积金修改密码业务,怎么办公积金修改密码业务,手机银行转账额度修改,0
银星国际速汇汇出解付怎么办理,topic,怎么能够办理对公户,怎么能够办理对公账户,能否办理对公户,可不可以办理对公户,法人在外地可不可以办理对公账户,法人在外地能否办理对公账户,法人不在能否办理对公户,法人不在可不可以办理对公户,可不可以帮助我办理公积金汇缴,能否帮助我办理公积金汇缴,要办理对公户,能不能办理对公户,法人在外地怎么能够办理对公户,网银可不可以办理结售汇,怎么能够办对公户,如何办理对公户,法人在外地怎么能够办理对公账户,法人在外地可不可以办理对公户,法人在外地能否办理对公户,需要办理对公户,0
银星国际速汇汇出解付怎么办理,dssm,手机银行的安全性如何,想开基本户,龙支付是啥,想开一般户,想开黄金账户,想开一下黄金账户,叫号机什么样子的,不用手机银行了,我要领《就业失业手册》,手机银行怎么交生活费用,我不知道叫号机,不知道什么是叫号机,客服电话,想开电话银行,想开一下电话银行,想开建行卡,想开一下龙支付,想开龙支付,什么是龙支付,龙支付是什么,0
银星国际速汇汇出解付怎么办理,tfidf,办理电话,办理一般存款账户,办理龙支付,办理卡,办理基本户,办理账户,,,,,,,办理公积金,办理网银,办理黄金账户,办理电话银行,办理银行卡,办理短信,办理建行卡,办理储蓄卡,0
III类账户怎样申请开通,topic,二类账户怎么申请开通,一类账户可以申请多个吗,主账户和二类账户有哪些区别,一类户和二类户有什么不同,一类户与二类户一样吗,已有一类户，怎样开立一个新的主账户,我之前有建行的账户，想申请多开个一类户,一类户和二类户介绍,一类户、二类户是不是有哪些不同的意思,什么是一类户,什么是二类户,有带军官证/武警证想开通户,一类账户和二类账户有什么区别,I类账户和II类账户有什么区别啊,一二类账户介绍,我开个II类账户,有带军官证/武警证要开通账户,有带军官证/武警证想开通账户,我要申请第二个I类账户可以吗,一类户和二类户是不是不一样呢,0
III类账户怎样申请开通,dssm,公积金提取-已预约-购房（本地）-非首次提取,公积金提取-已预约-购房（本地，首次提取）,怎么通过微信公众号预约公积金提取,怎么通过网银查询明细,预约了房屋加建公积金提取,通过网银定投黄金,能不能给我开一下网银功能,是否能够给我开一下网银功能,是否能够给我开网银功能,是否能够给我开网上银行功能,能不能给我开一下网上银行功能,是否能够给我开一下网上银行功能,本地购房首次公积金提取，已预约,预约了本地购房公积金非首次提取,预约了本地购房首次提取公积金,网银有哪些服务,本地拍卖买房首次公积金提取，已预约,网银有哪些便捷服务,办理本地购房首次提取公积金，已预约,预约了公积金的异地购房首次提取,0
III类账户怎样申请开通,tfidf,2类账户申请开通,开通账户,能不能申请账户,指导申请账户,开通对公账户,告诉开通账户,,,,,,,申请账户,给申请账户,帮助申请账户,身份证开通账户,帮开通账户,能开通账户,能不能开通账户,能申请账户,0
商户分期有什么促销活动,topic,提公积金可以预约得时间有哪些,我预约了本地拍卖买房首次提公积金，请问怎么办理,提公积金来租单位房子需要写什么资料,公积金得微信公众号上我的电话号码是有误,怎么通过微信公众号预约公积金提取,预约了房屋翻新公积金提取,提公积金来租单位房子需要写什么材料,租单位房子要提取公积金要准备哪些申请材料,在网上预约了今天来提取公积金,公积金中心经办网点有哪些,我预约了本地购房首次提公积金，请问怎么办理,是否能够帮我开立入账短信提示功能,我之前有建行的信用卡，现在想办一张储蓄卡,提取公积金可以预约得时间有哪些,我预约了本地贷款买房首次提公积金，请问怎么办理,租单位房子要提取公积金要准备哪些申请资料,预约了房屋装修公积金提取,公积金提取-已预约-建房或房屋翻新,怎么在微信上预约提取公积金,本地拍卖买房首次公积金提取，已预约,0
商户分期有什么促销活动,dssm,领取《就业失业手册》,想开一般户,什么是龙支付,叫号机,什么是叫号机,想开基本户,领一下《就业失业手册》,怎么领《就业失业手册》,我不知道叫号机,不知道什么是叫号机,手机银行交电费,我要领《就业失业手册》,哪里找叫号机,什么是建房批文,建房批文是啥,建房批文是什么,想开黄金账户,想开一下黄金账户,龙支付是什么,龙支付是啥,0
商户分期有什么促销活动,tfidf,测试重复问题信用卡北京11,,,,,,,,,,,,,,,,,,,,0
办理大额预约取款,topic,网银办理结售汇,网银可不可以办理结售汇,没预约能不能办理公积金缴存,需要办理对公账户,要办理对公账户,网银办理转账,可否办理对公户,能否办理对公账户,可不可以办理对公账户,帮忙办理对公户,能否办理一般户,可不可以办理一般户,能否办理公积金交费,可不可以办理公积金交费,需要办理对公户,要办理对公户,可不可以办理对公户,能否办理对公户,我预约了缴存公积金，怎么办理,预约了公积金提取怎么办理,0
办理大额预约取款,dssm,叫号机什么样子的,手机银行交煤气费,手机银行交保费,怎么领《就业失业手册》,领一下《就业失业手册》,叫号机位置,想开建行卡,想开电话银行,想开一下电话银行,手机银行怎么交交通违章罚款,想开基本户,手机银行的安全性如何,客服电话,手机银行怎么交生活费用,手机银行交水电煤气费,手机银行交电费,我要领《就业失业手册》,手机银行怎么交保费,手机银行交保险费,手机银行怎么交保险费,0
办理大额预约取款,tfidf,办理电话预约,办理电话预约功能,能给办理电话预约,能指导办理电话预约,能告诉办理电话预约,能帮办理电话预约,,,,,,,预约缴存公积金办理,预约公积金提取办理,预约提取公积金办理,能不能告诉办理电话预约,能不能帮助办理电话预约,能帮助办理电话预约,能不能帮办理电话预约,能不能指导办理电话预约,0
住房公积金缴存多少,topic,领取《住房公积金汇缴书》,领取《住房公积金补缴清册》,《住房公积金补缴清册》在哪里领,我要领《住房公积金补缴清册》,我想办公积金缴存,我要领《住房公积金汇缴书》,想办一下公积金缴存,领一本《住房公积金汇缴书》,怎么办公积金缴存,印公积金缴存证明,我想办一下公积金缴存,怎样印公积金缴存证明,怎么领《住房公积金补缴清册》,想办公积金缴存,领一下《住房公积金补缴清册》,我来领《住房公积金补缴清册》,领一下《住房公积金汇缴书》,怎么领《住房公积金汇缴书》,领一本《住房公积金补缴清册》,我来领《住房公积金汇缴书》,0
住房公积金缴存多少,dssm,叫号机在什么地方,手机银行可以交保费吗,手机银行怎么交保险费,手机银行交保费,手机银行怎么交保费,叫号机什么样子的,哪里找叫号机,手机银行怎么交交通违章罚款,客服电话,领一下《就业失业手册》,怎么领《就业失业手册》,什么是叫号机,手机银行可以交保险费吗,龙支付定义,手机银行的安全性如何,手机银行交煤气费,手机银行怎么交生活费用,手机银行交水电煤气费,手机银行交电费,手机银行交保险费,0
住房公积金缴存多少,tfidf,怎么办公积金缴存,公积金缴存业务,能不能办理公积金缴存,告诉办公积金缴存,印公积金缴存证明,打印公积金缴存证明,,,,,,,怎么办公积金缴存业务,办理公积金缴存,办公积金缴存,告诉怎么办公积金缴存,办理公积金缴存业务,办公积金缴存业务,告诉怎么办公积金缴存业务,公积金,0
公积金怎么提取,topic,怎么提取公积金,如何提取公积金,想办一下公积金提取,我想办公积金提取,能不能提取公积金,我想提取公积金,告诉我怎么提取公积金,告诉我如何提取公积金,是否能够提取公积金,可不可以提取公积金,能否提取公积金,告诉我怎样提取公积金,怎样提取公积金,想要提取公积金,想提取公积金,公积金提取,提取公积金,想办公积金提取,我要提取公积金,我想要提取公积金,0
公积金怎么提取,dssm,哪里找叫号机,我不知道叫号机,手机银行交保险费,手机银行怎么交保费,手机银行交保费,叫号机位置,手机银行怎么交生活费用,怎么领《就业失业手册》,领一下《就业失业手册》,客服电话,我要领《就业失业手册》,手机银行怎么交交通违章罚款,不知道什么是叫号机,手机银行交煤气费,手机银行交电费,叫号机什么样子的,手机银行交水电煤气费,什么是叫号机,叫号机,手机银行怎么交保险费,0
公积金怎么提取,tfidf,预约提取公积金,移居国外提取公积金,哪里公积金提取申请表,失业提取公积金材料,预约辞职提取公积金,退休提取公积金材料,,,,,,,代办公积金提取,移民提取公积金,公积金提取申请表,安电梯提取公积金,出国定居提取公积金,公积金提取申请表领,下岗提取公积金资料,下岗提取公积金材料,0
什么是银行回单啊,topic,想开一下短信银行,想开短信银行,可不可以给我开立短信银行,想办一下短信银行,可不可以给我开短信银行,怎么办一下短信银行,能不能给我开立短信银行,怎样开短信银行,怎样开一下短信银行,想办短信银行,可以帮助我开立短信银行,可以告诉我开立短信银行,怎样开立短信银行,想开立短信银行,怎么办短信银行,想要开立短信银行,如何开立短信银行,怎么开立短信银行,可以给我开立短信银行,要开立短信银行,0
什么是银行回单啊,dssm,手机银行的安全性如何,想开建行卡,想开一般户,想开基本户,想开黄金账户,想开一下黄金账户,客服电话,不知道什么是叫号机,我不知道叫号机,我要领《就业失业手册》,手机银行怎么交生活费用,叫号机位置,想开一下龙支付,想开龙支付,想开电话银行,想开一下电话银行,不用手机银行了,龙支付是啥,龙支付是什么,什么是龙支付,0
什么是银行回单啊,tfidf,短信银行功能,怎么办短信银行,短信银行转账,申请短信银行,开通短信银行,开立银行账户,,,,,,,怎么办短信银行功能,短信银行功能介绍,开短信银行,办短信银行,短信银行服务,办理短信银行,想开短信银行,注销短信银行,0
在ATM&CRS上办理修改密码的具体操作方式,topic,是否能够帮助我办理公积金修改密码,可不可以指导我办理电话改密码功能,是否能够指导我办理公积金修改密码,能不能帮助我办公积金修改密码,是否能够给我办理电话改密码功能,可不可以给我办理电话改密码功能,是否能够指导我办理电话改密码功能,可不可以指导我办电话改密码功能,能否帮助我办公积金修改密码,可不可以帮助我办公积金修改密码,我需要办理公积金修改密码,告诉我是否能够办理公积金修改密码,能不能帮助我办理公积金修改密码,是否能够办理公积金修改密码,是否能够帮助我办公积金修改密码,可不可以帮助我办理电话改密码功能,能否帮助我办理公积金修改密码,可不可以帮助我办理公积金修改密码,是否能够办一下公积金修改密码,是否能够办公积金修改密码,0
在ATM&CRS上办理修改密码的具体操作方式,dssm,TTY,测试重复问题-信用卡-北京11,提公积金交单位房房租要准备哪些资料,公积金微信公众号上我的电话号有误,租单位房，提取公积金的材料,智慧柜员机在哪，怎么走,我不知道智慧柜员机,不知道什么是智慧柜员机,智慧柜员机什么样子的,智慧柜员机,什么是智慧柜员机,智慧柜员机位置,测试重复问题-信用卡-北京,公积金的微信上我的电话号码是有误,公积金得微信公众号上我的电话号码是有误,预约了房屋加建公积金提取,提公积金交单位房的房租要准备哪些材料,我在公积金微信公众号上得电话号有误,租村里的房子提取公积金的申请材料,租城中村提取公积金的申请材料,0
在ATM&CRS上办理修改密码的具体操作方式,tfidf,在手机上修改公积金密码,办理公积金修改密码,能不能指导办理公积金修改密码,能不能帮助办理公积金修改密码,告诉能不能办理公积金修改密码,这里能办理公积金修改密码业务,,,,,,,办理公积金修改密码业务,修改密码,密码修改,告诉办理公积金修改密码,能不能办理公积金修改密码,告诉办理公积金修改密码业务,能不能办理公积金修改密码业务,这里能办理公积金修改密码,0
信用卡及附属卡挂失要携带的证件,topic,我之前有建行的信用卡，现在想办一张储蓄卡,有身份证要办卡,有带临时身份证可不可以开卡,忘记带身份证要办卡,有身份证需要开卡,有带临时身份证能否办卡,有带临时身份证可不可以办卡,有身份证如何开卡,有身份证怎么开卡,有身份证要申请借记卡,有身份证可不可以开卡,有身份证能否开卡,有身份证想要开卡,有身份证可以开卡,忘记带身份证可以开卡,有身份证可以办卡,有身份证能不能开卡,有身份证想要办卡,忘记带身份证可以办卡,有带临时身份证能否开卡,0
信用卡及附属卡挂失要携带的证件,dssm,注销电话银行,手机银行的安全性如何,哪里找叫号机,叫号机位置,手机银行交水电煤气费,手机银行交煤气费,手机银行交电费,我有带护照想开建行卡,手机银行怎么交生活费用,什么是龙支付,龙支付是什么,龙支付是啥,不知道什么是叫号机,我不知道叫号机,叫号机什么样子的,叫号机,什么是叫号机,怎么领《就业失业手册》,领一下《就业失业手册》,我要领《就业失业手册》,0
信用卡及附属卡挂失要携带的证件,tfidf,测试重复问题信用卡北京,测试重复问题信用卡,测试重复问题信用卡上海广州白金会员,重置信用卡密码,信用卡密码重设,重设信用卡密码,,,,,,,测试重复问题信用卡北京11,手机银行还信用卡,测试重复问题信用卡2,测试重复问题信用卡1,手机银行挂失卡,电话银行办理挂失,挂失公积金存单,公积金存单挂失,0
信用卡在国外取现有金额限制吗,topic,我之前有建行的信用卡，现在想办一张储蓄卡,网银的转账限额是多少,能不能给我开立入账短信提示,我有带外国人永久居留证怎么开立银行卡,我有带外国人永久居留证如何开立银行卡,是否能够给我开立入账短信提示,我有带外国人永久居留证是否能够开立银行卡,法人在外地能否申请对公账户,法人在外地可不可以申请对公账户,可以给我开立入账短信提示,法人在外地能否开通对公户,法人在外地可不可以开通对公户,网银的转账额度是多少,网银转账的额度限制,我有带外国人永久居留证能否开立银行卡,我有带外国人永久居留证可不可以开立银行卡,我有带外国人永久居留证需要开立银行卡,法人在外地可不可以开通对公账户,法人在外地能否开通对公账户,网银转账的额度上线,0
信用卡在国外取现有金额限制吗,dssm,电话银行收多少钱,注销电话银行,领一下《就业失业手册》,叫号机什么样子的,叫号机,什么是叫号机,手机银行交电费,手机银行交水电煤气费,叫号机位置,我要领《就业失业手册》,想开黄金账户,想开一下黄金账户,我有带护照怎么办建行卡,不想用手机银行了,哪里找叫号机,叫号机长什么样,不知道什么是叫号机,我不知道叫号机,手机银行的安全性如何,怎么领《就业失业手册》,0
信用卡在国外取现有金额限制吗,tfidf,测试重复问题信用卡北京11,测试重复问题信用卡,重置信用卡密码,信用卡密码重设,重设信用卡密码,信用卡密码想不起来,,,,,,,测试重复问题信用卡北京,叫号机在地方,叫号机在哪,测试重复问题信用卡2,自助机在哪里,测试重复问题信用卡1,手机银行还信用卡,测试重复问题信用卡上海广州白金会员,0
建行财富系列理财产品的特点说明,topic,我之前有建行的信用卡，现在想办一张储蓄卡,网银可以买理财吗,网银的转账限额是多少,怎么在微信上预约提取公积金,是否能够给我开立个人网银功能,是否能够给我开立个人网上银行功能,是否能够告诉我开立个人网银功能,是否能够告诉我开立个人网上银行功能,是否能够帮助我开立个人网上银行功能,是否能够帮助我开立个人网银功能,是否能够给我开立个人网银,是否能够给我开立个人网上银行,网银怎么买理财,网银可不可以买理财,网银怎么操作理财购买,我之前有建行的储蓄卡，现在还能再多开一个主账户吗,网银怎么查贷款信息,怎么通过网银查询贷款信息,帮助我开立建行卡,网银的转账额度是多少,0
建行财富系列理财产品的特点说明,dssm,手机银行的安全性如何,想开建行卡,想开基本户,龙支付是什么,龙支付是啥,什么是龙支付,手机银行怎么交生活费用,客服电话,不知道什么是叫号机,我不知道叫号机,我要领《就业失业手册》,建房批文是什么,想开龙支付,想开一下龙支付,想开电话银行,想开一下电话银行,不用手机银行了,想开一般户,想开黄金账户,想开一下黄金账户,0
建行财富系列理财产品的特点说明,tfidf,建行上市公司,建行上市,之前建行信用卡现在办一张储蓄卡,忘记有无开过建行卡帮看看,第一次办理建行银行卡目前用身份证怎么办,首次办理建行开户带身份证办理,,,,,,,开建行龙卡,新开建行2类账户,想开建行2类账户办理,第一次办理过建行储蓄卡操作,再多办一张建行储蓄卡,首次开立建行账户用身份证怎么办,首次申请建行储蓄卡身份证就能,没有建行卡用身份证开一张,0
我想了解财管家,topic,可不可以帮助我开一下网银,可不可以帮助我开一下网上银行,可以帮助我开一下网银,可不可以告诉我开一下网上银行功能,可不可以告诉我开一下网银功能,能不能帮助我开一下网上银行,能不能帮助我开一下网银,可不可以帮助我开通网银,可不可以帮助我开通网上银行,可不可以帮助我开立网银,可不可以帮助我开立网上银行,可不可以帮助我开一下账户变动发短信,可不可以帮助我申请网银,可不可以帮助我申请网上银行,可不可以帮助我开网上银行,可不可以告诉我开一下网上银行,可不可以告诉我开一下网银,可不可以帮助我开一下网银功能,可不可以帮助我开一下网上银行功能,可以帮助我开一下网上银行,0
我想了解财管家,dssm,叫号机在什么地方,龙支付定义,想开龙支付,想开一下电话银行,想开电话银行,想开建行卡,想开基本户,不用手机银行了,想开一般户,不想用手机银行了,想开黄金账户,想开一下黄金账户,手机银行可以交保险费吗,手机银行可以交保费吗,手机银行的安全性如何,什么是龙支付,龙支付是啥,龙支付是什么,客服电话,想开一下龙支付,0
我想了解财管家,tfidf,测试重复问题信用卡北京11,,,,,,,,,,,,,,,,,,,,0
自助区的电话可不可以打客服热线,topic,可不可以帮助我开立电话预约,可不可以帮助我开立电话,可不可以帮助我开电话查询,可不可以给我开电话查询,可不可以帮助我开立电话预约功能,可不可以告诉我开立电话,可不可以帮助我开通电话预约,可不可以帮助我开通电话查询,可不可以帮助我开立电话查询功能,可不可以给我申请电话查询,可不可以帮助我申请电话预约,可不可以帮助我申请电话查询,可不可以帮助我开立电话查询,可不可以给我开立电话,可不可以给我开立电话预约,可不可以给我开立电话查询,可不可以告诉我开立电话预约,可不可以告诉我开立电话查询,可不可以帮助我开电话预约,可不可以给我开电话预约,0
自助区的电话可不可以打客服热线,dssm,注销电话银行,测试,手机银行交水电煤气费,手机银行交电费,建房批文是啥,什么是建房批文,建房批文是什么,什么是龙支付,龙支付是什么,龙支付是啥,我要领《就业失业手册》,手机银行交煤气费,手机银行的安全性如何,客服电话,手机银行怎么交交通违章罚款,领一下《就业失业手册》,怎么领《就业失业手册》,叫号机什么样子的,想开一下黄金账户,想开黄金账户,0
自助区的电话可不可以打客服热线,tfidf,怎么办电话,怎么办电话功能,办理电话功能,申请电话功能,开立电话功能,开电话功能,,,,,,,开电话,申请电话,办理电话,想开电话,开通电话,开立电话,办电话,开通电话功能,0
办理零存整取存款证明需要什么资料,topic,我需要办理公积金汇缴,首次办理建行开户，我带了身份证，需要怎么办理,可不可以办理一般户,能否办理一般户,我需要办公积金交费,我需要办一下公积金交费,我需要办公积金汇缴,我需要办理印公积金缴存证明,可不可以帮助我办理公积金交费,能否帮助我办理公积金交费,需要办理借记卡,能否帮助我办理公积金缴存证明打印,我需要办理公积金交费,需要办理对公户,我需要办理公积金缴存证明打印,能否办理基本户,可不可以办理基本户,需要办理对公账户,需要办对公户,我需要办理存公积金,0
办理零存整取存款证明需要什么资料,dssm,手机银行的安全性如何,叫号机什么样子的,手机银行怎么交保险费,手机银行怎么交保费,手机银行怎么交交通违章罚款,我要领《就业失业手册》,想开电话银行,想开一下电话银行,叫号机,什么是叫号机,我不知道叫号机,不知道什么是叫号机,叫号机在什么地方,手机银行交煤气费,手机银行怎么交生活费用,手机银行交水电煤气费,手机银行交电费,客服电话,手机银行交保险费,手机银行交保费,0
办理零存整取存款证明需要什么资料,tfidf,下岗办理公积金提取资料,失业办理公积金提取资料,办理建行卡,办理一般存款账户,办理电话银行,办理公积金,,,,,,,没工作办理公积金提取资料,办理储蓄卡,办理短信,办理黄金账户,办理网银,办理账户,办理银行卡,办理基本户,0
电话银行可以缴纳过期公共事业费吗,topic,网银可以缴话费吗,网银可以交话费吗,网银怎么缴保费,网银转账多长时间能收到钱,网银缴煤气费,告诉我怎么办公积金缴纳,告诉我怎么办一下公积金缴纳,网银怎么缴生活费用,能不能帮助我打印公积金缴费记录,告诉我怎么办一下公积金缴存证明打印,可不可以帮助我打印公积金缴费记录,能否帮助我打印公积金缴费记录,网银可以缴保费吗,网银怎么缴话费,网银可以缴保险费吗,网银怎么交话费,网银可以缴有线电视费吗,网银可以交保费吗,网银可以交保险费吗,网银缴话费,0
电话银行可以缴纳过期公共事业费吗,dssm,注销电话银行,手机银行的安全性如何,想开建行卡,什么是龙支付,龙支付是什么,龙支付是啥,客服电话,叫号机什么样子的,手机银行怎么交生活费用,不用手机银行了,建房批文是啥,建房批文是什么,想开一下黄金账户,想开黄金账户,想开龙支付,想开一下龙支付,想开一般户,想开电话银行,想开一下电话银行,想开基本户,0
电话银行可以缴纳过期公共事业费吗,tfidf,怎么办电话银行,怎么办电话银行功能,想开电话银行,注销电话银行,开立电话银行,开通电话银行,,,,,,,取消电话银行,办理电话银行,开电话银行,电话银行转账,关闭电话银行,电话银行费用,办电话银行,电话银行收费,0
活期存款账户销户方法,topic,通过网银把活期转到定期,在网银上把活期转到定期,办理《住房公积金定期转账提取协议书》,可不可以开立对公账户,能否开立对公账户,能否开立对公户,可不可以开立对公户,可不可以给我开立账户变动发短信,可不可以开立基本户,能否开立基本户,法人在外地能否开立对公账户,法人在外地可不可以开立对公账户,网银办理活期转定期,怎么领《住房公积金定期转账提取协议书》,我要领《住房公积金定期转账提取协议书》,领一下《住房公积金定期转账提取协议书》,我来领《住房公积金定期转账提取协议书》,领取《住房公积金定期转账提取协议书》,《住房公积金定期转账提取协议书》在哪里领,领一本《住房公积金定期转账提取协议书》,0
活期存款账户销户方法,dssm,手机银行的安全性如何,叫号机在什么地方,手机银行怎么交交通违章罚款,怎么领《就业失业手册》,领一下《就业失业手册》,手机银行交水电煤气费,叫号机什么样子的,想开一下电话银行,想开电话银行,想开一般户,什么是叫号机,叫号机,建房批文是什么,什么是建房批文,建房批文是啥,客服电话,手机银行交电费,龙支付是啥,龙支付是什么,什么是龙支付,0
活期存款账户销户方法,tfidf,办理公积金方法,手机银行办卡挂失方法,,,,,,,,,,,手机银行预约取号方法,手机修改公积金密码方法,,,,,,,0
理财产品的风险评估最高有效期是多少？,topic,提公积金可以预约得时间有哪些,提取公积金可以预约得时间有哪些,公积金提取-已预约-退休的申请材料,公积金提取-已预约-租单位房的申请材料,租单位房子要提取公积金要准备哪些申请资料,我要打印单位部分的公积金缴存证明,网银的安全性如何,我预约了本地贷款买房首次提公积金，请问怎么办理,不是在广州买的房，预约了公积金提取,能预约什么时间段来提取公积金,我是来提取公积金的，之前预约了,怎么打印公积金个人缴存部分的证明,在广州贷款买的房，预约了公积金首次提取,在当地贷款买了房，预约了公积金首次提取,租单位房子要提取公积金要准备哪些申请材料,预约了公积金缴存，怎么操作,找不到我的公积金存折了,公积金提取-已预约-失业的申请材料,公积金提取能预约哪些时间段,怎么打印公积金单位缴存部分的证明,0
理财产品的风险评估最高有效期是多少？,dssm,《就业失业手册》在哪里领,自助机在哪里,不想用手机银行了,龙支付定义,手机银行的安全性如何,我有带护照想开建行卡,测试,怎么领《就业失业手册》,领一下《就业失业手册》,我要领《就业失业手册》,想开一下黄金账户,想开黄金账户,叫号机在哪，怎么走,叫号机在哪,叫号机在什么地方,可以用手机银行排号吗,注销动账提醒,手机银行可以交保费吗,手机银行可以交保险费吗,注销电话银行,0
理财产品的风险评估最高有效期是多少？,tfidf,客户客服电话多少,电话银行转账额度多少,,,,,,,,,,,手机银行转账额度多少,网银转账额度多少,查公积金账户上余额多少,,,,,,0
“出国惠”包含哪些货币种类,topic,怎么打印公积金单位缴存部分的证明,在网银上把活期转到定期,网银可以买国债吗,是否能够给我开立龙支付功能,是否能够指导我开立龙支付功能,我有带外国人永久居留证如何开立银行卡,我有带外国人永久居留证怎么开立银行卡,是否能够帮助我打印公积金缴存证明,《住房公积金定期转账提取协议书》在哪里领,我有带护照如何开立银行卡,我有带护照怎么开立银行卡,是否能够指导我打印公积金缴存证明,怎么打印公积金个人缴存部分的证明,通过网银把活期转到定期,我要打印单位部分的公积金缴存证明,我有带外国人永久居留证是否能够开立银行卡,我有带护照是否能够开立银行卡,怎么开立龙支付功能,如何开立龙支付功能,我要打印个人部分的公积金缴存证明,0
“出国惠”包含哪些货币种类,dssm,手机银行的安全性如何,叫号机在什么地方,怎么领《就业失业手册》,领一下《就业失业手册》,手机银行怎么交生活费用,手机银行交煤气费,手机银行怎么交交通违章罚款,手机银行交电费,手机银行怎么交保费,手机银行交保险费,手机银行交保费,手机银行怎么交保险费,测试,L5,手机银行可以交保险费吗,手机银行可以交保费吗,我要领《就业失业手册》,叫号机什么样子的,关闭电话银行,关闭手机银行,0
“出国惠”包含哪些货币种类,tfidf,测试重复问题信用卡北京11,,,,,,,,,,,,,,,,,,,,0
解除手机设备的方法,topic,换号解绑手机设备,解绑手机设备,是否能够帮助我开电话预约功能,是否能够给我开电话功能,需要开一下电话功能,是否能够给我开电话预约功能,通过手机修改公积金密码,是否能够指导我开电话预约功能,怎么开电话功能,如何开电话功能,是否能够指导我开电话功能,是否能够帮助我开电话改密码功能,未换号解绑手机设备,手机修改公积金密码的方法,换新手机了解绑旧手机,手机解绑,换新手机号了解绑原来的手机,怎么在手机上修改公积金密码,解除手机绑定,取消手机绑定,0
解除手机设备的方法,dssm,手机银行的安全性如何,不用手机银行了,领一下《就业失业手册》,想开龙支付,想开一下龙支付,想开黄金账户,想开一下黄金账户,什么是建房批文,建房批文是什么,建房批文是啥,想开基本户,想开一般户,想开一下电话银行,想开电话银行,客服电话,什么是龙支付,龙支付是啥,龙支付是什么,想开建行卡,怎么领《就业失业手册》,0
解除手机设备的方法,tfidf,解除手机绑定,解绑手机设备,解除当前手机号码绑定,手机银行办卡挂失方法,手机修改公积金密码,手机银行预约取号方法,,,,,,,换号解绑手机设备,手机修改公积金密码方法,未换号解绑手机设备,手机解绑,注销手机绑定,取消手机绑定,解除手机号码绑定,办理公积金方法,0
综合账户管理功能,topic,如何申请黄金账户功能,怎么申请黄金账户功能,想申请黄金账户功能,怎么申请账户变动发短信功能,如何申请账户变动发短信功能,需要申请黄金账户功能,怎样申请账户变动发短信功能,想开账户变动发短信功能,需要申请账户变动发短信功能,如何开黄金账户功能,怎么开黄金账户功能,可以指导我申请账户变动发短信功能,怎样申请黄金账户功能,想办黄金账户功能,要申请黄金账户功能,可以指导我申请黄金账户功能,想办一下黄金账户功能,想办账户变动发短信功能,可以给我申请黄金账户功能,要申请账户变动发短信功能,0
综合账户管理功能,dssm,手机银行的安全性如何,什么是龙支付,想开一下电话银行,叫号机,什么是叫号机,我要领《就业失业手册》,想开建行卡,建房批文是什么,建房批文是啥,什么是建房批文,领一下《就业失业手册》,怎么领《就业失业手册》,龙支付是啥,龙支付是什么,想开一般户,客服电话,想开一下龙支付,想开龙支付,叫号机什么样子的,想开电话银行,0
综合账户管理功能,tfidf,怎么办账户,1类账户2类账户介绍,开账户,想开账户,申请账户,开通账户,,,,,,,1类账户2类账户不同,1类账户2类账户区别,1类账户与2类账户一致,1类账户2类账户是不是不一样,1类账户,异类账户,2类账户,办账户,0
什么是云闪父？,topic,网银办结售汇,网银交煤气费,办缴公积金,如何办存公积金,如何办缴公积金,网银交保险费,一类户与二类户一样吗,什么是二类户,什么是一类户,一类户和二类户有什么不同,网银交水费,我想存公积金,网银交保费,网银办活转定,一类户和二类户介绍,想要办缴公积金,想要办存公积金,想存公积金,办存公积金,想缴公积金,0
什么是云闪父？,dssm,叫号机在什么地方,手机银行可以交保费吗,龙支付是什么,手机银行的安全性如何,想开电话银行,想开一下电话银行,手机银行怎么交保险费,手机银行怎么交保费,手机银行交保险费,手机银行交保费,手机银行交水电煤气费,手机银行怎么交交通违章罚款,手机银行可以交保险费吗,不用手机银行了,手机银行怎么交生活费用,手机银行交煤气费,手机银行交电费,客服电话,什么是龙支付,龙支付是啥,0
什么是云闪父？,tfidf,测试重复问题信用卡北京11,,,,,,,,,,,,,,,,,,,,0
龙卡云闪付借记卡的交易限额多高,topic,我之前有建行的信用卡，现在想办一张储蓄卡,能否申请借记卡,首次申请建行储蓄卡有身份证就可以吗,怎么申请借记卡,如何申请借记卡,怎样申请借记卡,有身份证能否申请借记卡,有身份证可不可以申请借记卡,我要开建行龙卡,给我申请借记卡,想办借记卡,想要申请借记卡,可不可以申请借记卡,网银的转账限额是多少,网银的转账额度是多少,网银转账的额度限制,网银转账的额度上线,可以申请借记卡,要申请借记卡,想开借记卡,0
龙卡云闪付借记卡的交易限额多高,dssm,手机银行的安全性如何,注销电话银行,叫号机,手机银行交电费,手机银行交煤气费,不知道什么是叫号机,我不知道叫号机,叫号机位置,测试,客服电话,什么是龙支付,龙支付是啥,怎么领《就业失业手册》,领一下《就业失业手册》,叫号机什么样子的,我要领《就业失业手册》,哪里找叫号机,手机银行交水电煤气费,手机银行怎么交生活费用,什么是叫号机,0
龙卡云闪付借记卡的交易限额多高,tfidf,开建行龙卡,,,,,,,,,,,,,,,,,,,,0
理财产品到期了怎么弄,topic,网银可以买理财吗,网银可不可以买理财,网银可以缴保费吗,我预约了本地拍卖买房首次提公积金，请问怎么办理,网银可以缴保险费吗,公积金存折找不到了,已经从公司辞职提公积金怎么盖章,我还没预约能不能提公积金,可以预约什么时候来提公积金,提公积金非得要预约吗,提公积金可以预约得时间有哪些,网银可以交保险费吗,找不到我的公积金存折了,我预约了本地贷款买房首次提公积金，请问怎么办理,网银可以买国债吗,网银可不可以买国债,可不可以不预约直接提公积金,网银怎么买理财,能预约什么时间段来提公积金,没有预约能提公积金吗,0
理财产品到期了怎么弄,dssm,客服电话,手机银行的安全性如何,想开一下电话银行,想开电话银行,怎么领《就业失业手册》,领一下《就业失业手册》,想开基本户,想开一下黄金账户,想开黄金账户,什么是建房批文,建房批文是什么,建房批文是啥,龙支付是什么,什么是龙支付,龙支付是啥,想开一般户,我要领《就业失业手册》,想开建行卡,想开龙支付,想开一下龙支付,0
理财产品到期了怎么弄,tfidf,测试重复问题信用卡北京11,,,,,,,,,,,,,,,,,,,,0
保管箱销户介绍,topic,办理《住房公积金定期转账提取协议书》,能否办一下复印公积金缴存证明,能否办理复印公积金缴存证明,我要领《住房公积金定期转账提取协议书》,能否指导我办复印公积金缴存证明,可不可以指导我办复印公积金缴存证明,能否办理公积金缴存证明打印,可不可以办理公积金缴存证明打印,可不可以指导我办公积金缴存证明打印,能否指导我办公积金缴存证明打印,领取《住房公积金定期转账提取协议书》,领一下《住房公积金定期转账提取协议书》,可不可以办一下复印公积金缴存证明,能否办复印公积金缴存证明,可不可以办复印公积金缴存证明,能否办一下公积金缴存证明打印,可不可以办一下公积金缴存证明打印,能否办公积金缴存证明打印,可不可以办公积金缴存证明打印,可不可以办理复印公积金缴存证明,0
保管箱销户介绍,dssm,手机银行的安全性如何,什么是龙支付,手机银行怎么交交通违章罚款,建房批文是什么,建房批文是啥,什么是建房批文,想开一般户,叫号机什么样子的,我不知道叫号机,不知道什么是叫号机,想开建行卡,手机银行交电费,龙支付是啥,龙支付是什么,客服电话,领一下《就业失业手册》,怎么领《就业失业手册》,我要领《就业失业手册》,什么是叫号机,叫号机,0
保管箱销户介绍,tfidf,QYH,,,,,,,,,,,,,,,,,,,,0
插上网银盾后没有出现登录界面怎么办,topic,可不可以帮助我开网上银行功能,可以帮助我开一下网上银行功能,能不能指导我开一下网上银行功能,可不可以帮助我开一下网银功能,可不可以帮助我开一下网上银行功能,怎么办一下网上银行功能,怎么办一下网银功能,可不可以指导我开网上银行功能,可以指导我开一下网上银行功能,可以指导我开一下网银功能,能不能帮助我开网上银行功能,可以告诉我开一下网银功能,可以帮助我开一下网银功能,能不能帮助我开一下网上银行功能,能不能帮助我开一下网银功能,能不能给我开一下网上银行功能,能不能给我开一下网银功能,可以给我开一下网上银行功能,可以给我开一下网银功能,能不能指导我开一下网银功能,0
插上网银盾后没有出现登录界面怎么办,dssm,注销电话银行,叫号机在什么地方,想开一下电话银行,想开电话银行,想开基本户,想开建行卡,不用手机银行了,想开一下黄金账户,想开黄金账户,想开龙支付,想开一下龙支付,想开一般户,手机银行可以交保险费吗,手机银行可以交保费吗,龙支付定义,不想用手机银行了,注销动账提醒,手机银行的安全性如何,客服电话,我有带护照想开建行卡,0
插上网银盾后没有出现登录界面怎么办,tfidf,补办网银盾,没有身份证怎么办储蓄卡,没有身份证帮助办卡,没有身份证开立银行卡,没有身份证告诉办卡,没有身份证能开卡,,,,,,,没有身份证怎么办建行卡,没有身份证怎么办账户,没有身份证怎么办银行卡,没有身份证开户,没有身份证办卡,没有身份证开卡,没有身份证办理储蓄卡,没有身份证指导办卡,0
CRS的意思是什么,topic,是否能够帮助我开立动账提醒功能,是否能够给我开立动账提醒功能,是否能够帮助我开一下账户变动发短信功能,可不可以告诉我开立动账提醒功能,可以帮助我开立动账提醒功能,可不可以给我开立动账提醒功能,公积金的微信上我的电话号码是有误,是否能够给我开立动账提醒,是否能够告诉我开一下账户变动发短信功能,可不可以帮助我申请动账提醒功能,是否能够帮助我开立出账短信提示功能,是否能够给我开一下动账提醒功能,是否能够告诉我开立动账提醒功能,可不可以帮助我开立动账提醒功能,公积金的微信上我的电话号码是错的,是否能够帮我开立动账提醒功能,公积金得微信公众号上我的电话号码是错的,是否能够指导我开立动账提醒功能,能不能帮助我开立动账提醒功能,是否能够帮助我开立动账提醒,0
CRS的意思是什么,dssm,公积金的微信上我的电话号码是有误,预约了房屋加建公积金提取,提公积金交单位房房租要准备哪些资料,租单位房，提取公积金的材料,QYH,测试重复问题-信用卡-北京11,《住房公积金补缴清册》在哪里领,怎么领《住房公积金补缴清册》,领一下《住房公积金补缴清册》,我要领《住房公积金补缴清册》,客服联系方式,测试重复问题-信用卡-北京,公积金得微信公众号上我的电话号码是有误,提公积金交单位房的房租要准备哪些材料,TTY,租村里的房子提取公积金的申请材料,租城中村提取公积金的申请材料,我在公积金微信公众号上得电话号有误,公积金微信公众号上我的电话号有误,客户服务电话是多少,0
CRS的意思是什么,tfidf,测试重复问题信用卡北京11,,,,,,,,,,,,,,,,,,,,0
账单分期的办理规定,topic,要办理一般户,要办理基本户,怎样办理一般户,需要办理短信,要办理短信,需要办理对公户,可不可以办理一般户,能否办理一般户,我要办理缴公积金,需要办理一般户,如何办理一般户,我要办理公积金缴纳,我需要办理缴公积金,我需要办理公积金交费,我要办理公积金交费,可不可以给我办理龙支付,要办理出账短信提示,怎么办理公积金交费,如何办理公积金交费,我需要办理公积金缴纳,0
账单分期的办理规定,dssm,想开基本户,龙支付是啥,客服电话,想开黄金账户,想开一下黄金账户,不用手机银行了,我要领《就业失业手册》,手机银行的安全性如何,什么是建房批文,建房批文是啥,建房批文是什么,叫号机什么样子的,什么是龙支付,龙支付是什么,想开建行卡,想开一下龙支付,想开龙支付,想开一下电话银行,想开电话银行,想开一般户,0
账单分期的办理规定,tfidf,办理电话,办理一般存款账户,办理龙支付,办理卡,办理基本户,办理账户,,,,,,,办理公积金,办理网银,办理黄金账户,办理电话银行,办理银行卡,办理短信,办理建行卡,办理储蓄卡,0
换折有什么条件限制,topic,我有带外国人永久居留证是否能够办卡,我有带外国人永久居留证是否能够开卡,有带军官证/武警证是否能够办卡,有带军官证/武警证是否能够申请借记卡,我有带外国人永久居留证能不能开卡,是否能够指导我申请出账短信提示功能,我有带外国人永久居留证需要开卡,我有带外国人永久居留证需要开借记卡,提公积金可以预约得时间有哪些,我有带护照能不能办卡,我有带外国人永久居留证是否能够申请户,有带军官证/武警证是否能够申请户,我有带护照是否能够办卡,我有带外国人永久居留证是否能够申请借记卡,我有带外国人永久居留证能不能办卡,我有带外国人永久居留证需要办卡,我有带护照是否能够开卡,我有带外国人永久居留证是否能够开户,我有带护照是否能够申请借记卡,有带军官证/武警证是否能够开卡,0
换折有什么条件限制,dssm,叫号机在什么地方,手机银行可以交保费吗,建房批文是什么,想开一般户,我要领《就业失业手册》,哪里找叫号机,叫号机什么样子的,想开一下黄金账户,想开黄金账户,手机银行交水电煤气费,手机银行交电费,叫号机位置,手机银行可以交保险费吗,龙支付定义,怎么领《就业失业手册》,领一下《就业失业手册》,我有带护照想开建行卡,手机银行的安全性如何,什么是建房批文,建房批文是啥,0
换折有什么条件限制,tfidf,手机银行转账额度限制,网银转账额度限制,,,,,,,,,,,电话银行转账额度限制,提高手机银行转账额度限制,修改网银转账额度限制,修改手机银行转账额度限制,降低手机银行转账额度限制,提高网银转账额度限制,降低网银转账额度限制,,0
在国外使用信用卡有哪些要注意的,topic,我之前有建行的信用卡，现在想办一张储蓄卡,我有带护照是否能够开通银行卡,有带港澳台居民来往通行证/护照是否能够开立银行卡,我有带护照需要开通银行卡,我有带护照需要开立银行卡,我之前有建行的储蓄卡，现在还能再开一张吗,我有带护照是否能够办卡,我有带外国人永久居留证需要开立建行卡,我有带护照需要开立建行卡,我有带外国人永久居留证是否能够开银行卡,我有带护照是否能够开通建行卡,我有带外国人永久居留证是否能够申请银行卡,我有带外国人永久居留证是否能够开通银行卡,我有带护照是否能够开立银行卡,之前没在建行开过户，现在用身份证可以直接开立吗,我有带护照是否能够申请银行卡,我有带外国人永久居留证是否能够开通建行卡,我之前没有建行卡，我目前用身份证可以办理吗帮助我开银行卡,公积金的微信上我的电话号码是错的,我有带外国人永久居留证是否能够开立银行卡,0
在国外使用信用卡有哪些要注意的,dssm,注销电话银行,我有带外国人永久居留证怎么办建行卡,不想用手机银行了,叫号机在什么地方,我有带护照想开建行卡,可以用手机银行排号吗,龙支付定义,我有带外国人永久居留证想开建行卡,手机银行可以交保险费吗,手机银行可以交保费吗,叫号机在哪，怎么走,叫号机在哪,我有带护照怎么办建行卡,怎么办电话银行,怎么办一下电话银行,怎么办一下龙支付,怎么办龙支付,怎么办一下黄金账户,怎么办黄金账户,怎么办建行卡,0
在国外使用信用卡有哪些要注意的,tfidf,测试重复问题信用卡北京11,测试重复问题信用卡,叫号机在哪,重置信用卡密码,测试重复问题信用卡2,自助机在哪里,,,,,,,测试重复问题信用卡北京,手机银行还信用卡,叫号机在地方,测试重复问题信用卡上海广州白金会员,信用卡密码重设,重设信用卡密码,信用卡密码想不起来,测试重复问题信用卡1,0
基金定投的手续费有限制吗？,topic,网银的转账额度是多少,网银的转账限额是多少,怎么打印公积金单位缴存部分的证明,领一下《住房公积金定期转账提取协议书》,网银可以交保费吗,网银转账的额度限制,通过网银把活期转到定期,我要领《住房公积金定期转账提取协议书》,领一本《住房公积金定期转账提取协议书》,领取《住房公积金定期转账提取协议书》,降低网银转账额度限制,能否帮助我办一下公积金缴存证明打印,我要打印单位部分的公积金缴存证明,在网银上把活期转到定期,《住房公积金定期转账提取协议书》在哪里领,网银可以缴保险费吗,网银可以缴保费吗,我来领《住房公积金定期转账提取协议书》,网银可以交保险费吗,怎么领《住房公积金定期转账提取协议书》,0
基金定投的手续费有限制吗？,dssm,可以用手机银行排号吗,《就业失业手册》在哪里领,手机银行的安全性如何,注销电话银行,我有带护照想开建行卡,领取《就业失业手册》,怎么领《就业失业手册》,领一下《就业失业手册》,介绍啥是建房批文,想开黄金账户,想开一下黄金账户,介绍叫号机,叫号机在什么地方,自助机在哪里,叫号机在哪，怎么走,叫号机在哪,不想用手机银行了,手机银行可以交保险费吗,手机银行可以交保费吗,龙支付定义,0
基金定投的手续费有限制吗？,tfidf,手机银行转账额度限制,网银转账额度限制,,,,,,,,,,,电话银行转账额度限制,提高手机银行转账额度限制,修改网银转账额度限制,修改手机银行转账额度限制,降低手机银行转账额度限制,提高网银转账额度限制,降低网银转账额度限制,,0
电话银行可以办理自助缴费吗,topic,可不可以帮助我办理打印公积金缴费记录,能否帮助我办理打印公积金缴费记录,我想要办理打印公积金缴费记录,告诉我能不能办理打印公积金缴费记录,我想办理打印公积金缴费记录,如何办理打印公积金缴费记录,怎么办理打印公积金缴费记录,可不可以指导我办理打印公积金缴费记录,能否指导我办理打印公积金缴费记录,是否能够办理打印公积金缴费记录,可不可以帮助我办打印公积金缴费记录,能否帮助我办打印公积金缴费记录,可不可以办理打印公积金缴费记录,能否办理打印公积金缴费记录,这里可以办理打印公积金缴费记录吗,能不能帮助我办理打印公积金缴费记录,能不能办理打印公积金缴费记录,网银可不可以办理结售汇,告诉我能否办理打印公积金缴费记录,告诉我可不可以办理打印公积金缴费记录,0
电话银行可以办理自助缴费吗,dssm,手机银行的安全性如何,注销电话银行,想开基本户,客服电话,龙支付是啥,龙支付是什么,什么是龙支付,测试,不用手机银行了,建房批文是啥,建房批文是什么,什么是建房批文,想开龙支付,想开一下龙支付,想开建行卡,想开电话银行,想开一下电话银行,想开一般户,想开一下黄金账户,想开黄金账户,0
电话银行可以办理自助缴费吗,tfidf,办理电话银行,办理电话银行功能,能不能指导办理电话银行,能帮助办理电话银行,能指导办理电话银行,能不能告诉办理电话银行,,,,,,,电话银行办理挂失,电话银行办理转账,能不能帮办理电话银行,能告诉办理电话银行,能帮办理电话银行,能给办理电话银行,能不能给办理电话银行,能不能帮助办理电话银行,0
“出国惠”的具体内容,topic,能不能指导我办一下复印交公积金的证明,是否能够指导我办一下复印交公积金的证明,怎么打印公积金个人缴存部分的证明,公积金的微信上我的电话号码是错的,是否能够指导我办一下公积金汇缴,告诉我是否能够办一下复印公积金缴存证明,告诉我是否能够办一下复印交公积金的证明,告诉我能不能办一下复印交公积金的证明,公积金的微信上我的电话号码是有误,是否能够指导我办一下印公积金缴存证明,可不可以指导我办一下复印交公积金的证明,能否指导我办一下复印交公积金的证明,是否能够指导我办一下复印公积金缴存证明,我要打印个人部分的公积金缴存证明,能不能帮助我办一下复印交公积金的证明,能不能指导我办一下复印公积金缴存证明,是否能够帮助我办一下复印交公积金的证明,是否能够帮助我办一下复印公积金缴存证明,我是来提取公积金的，之前预约了,能不能帮助我办一下复印公积金缴存证明,0
“出国惠”的具体内容,dssm,叫号机在什么地方,注销动账提醒,自助机在哪里,手机银行的安全性如何,注销电话银行,我有带护照想开建行卡,可以用手机银行排号吗,龙支付定义,我要领《就业失业手册》,怎么领《就业失业手册》,领一下《就业失业手册》,叫号机什么样子的,手机银行可以交保险费吗,手机银行可以交保费吗,关闭手机银行,关闭电话银行,叫号机在哪，怎么走,叫号机在哪,《就业失业手册》在哪里领,不想用手机银行了,0
“出国惠”的具体内容,tfidf,测试重复问题信用卡北京11,,,,,,,,,,,,,,,,,,,,0
银星国际速汇业务汇入解付币种包含哪些,topic,网银可不可以办结售汇业务,可不可以帮助我办公积金汇缴业务,能否办一下公积金汇缴业务,能否办公积金缴存证明打印业务,可不可以办公积金缴存证明打印业务,想办公积金缴存证明打印业务,能否指导我办公积金汇缴业务,可不可以指导我办公积金汇缴业务,怎么办一下公积金汇缴业务,是否能够办公积金汇缴业务,我想办公积金缴存证明打印业务,怎么办公积金交费业务,能否帮助我办公积金汇缴业务,怎么办公积金汇缴业务,公积金缴存证明打印业务,可不可以办公积金汇缴业务,能否办公积金汇缴业务,怎么办公积金缴存证明打印业务,网银办理结售汇业务,可不可以办一下公积金汇缴业务,0
银星国际速汇业务汇入解付币种包含哪些,dssm,手机银行的安全性如何,叫号机在什么地方,想开一下电话银行,想开电话银行,叫号机什么样子的,手机银行交水电煤气费,手机银行交煤气费,手机银行怎么交生活费用,想开一下黄金账户,想开黄金账户,手机银行怎么交交通违章罚款,想开基本户,客服电话,什么是龙支付,龙支付是啥,龙支付是什么,手机银行交电费,想开一般户,想开龙支付,想开一下龙支付,0
银星国际速汇业务汇入解付币种包含哪些,tfidf,L,,,,,,,,,,,,,,,,,,,,0
手机银行转账还款什么时候到账,topic,网银转账多长时间能到账,改一下网银转账限额,网银转账的额度限制,网银转账到账时间,网银转账多久能到账,可不可以给我开立入账短信提示,网银转账多长时间能收到钱,修改网银转账额度限制,可不可以帮助我开立入账短信提示,怎样开立入账短信提示,怎么开立入账短信提示,如何开立入账短信提示,网银转账限额,网银转账限额修改,网银的转账限额是多少,网银的转账额度是多少,网银转账的额度上线,降低网银转账限额,提高网银转账限额,网银转账限额调整,0
手机银行转账还款什么时候到账,dssm,注销电话银行,想开建行卡,不用手机银行了,客服电话,龙支付是啥,龙支付是什么,什么是龙支付,什么是建房批文,建房批文是什么,建房批文是啥,我要领《就业失业手册》,手机银行怎么交生活费用,想开电话银行,想开一下电话银行,想开龙支付,想开一下龙支付,想开一般户,想开基本户,想开一下黄金账户,想开黄金账户,0
手机银行转账还款什么时候到账,tfidf,手机银行转账,手机银行转账功能,改手机银行转账额度,手机银行转账额度限制,手机银行转账额度修改,降低手机银行转账额度,,,,,,,手机银行办理转账,手机银行转账额度,手机银行能不能转账,手机银行能转账,通过手机银行转账,提高手机银行转账额度,手机银行转账额度上线,手机银行转账额度多少,0
手机银行怎么修改预留信息,topic,怎么通过网银查询贷款信息,网银怎么查贷款信息,是否能够告诉我开通个人网银功能,是否能够指导我开通网上银行功能,是否能够指导我开通网银功能,是否能够告诉我开通网上银行功能,是否能够告诉我开通网银功能,是否能够指导我开通个人网上银行功能,是否能够指导我开通个人网银功能,是否能够指导我修改密码公积金,是否能够指导我开通网上银行,是否能够指导我开通网银,原来的手机号注销了怎么修改公积金密码,我的手机号换了如何修改公积金密码,旧的手机号没用了怎么修改公积金密码,怎么通过网银查询明细,是否能够帮助我修改密码公积金,换手机号了怎么改公积金的密码,告诉我是否能够修改密码公积金,是否能够告诉我开通个人网上银行功能,0
手机银行怎么修改预留信息,dssm,想开建行卡,想开一下电话银行,想开基本户,不用手机银行了,想开黄金账户,想开一下黄金账户,手机银行的安全性如何,不知道什么是叫号机,我不知道叫号机,叫号机什么样子的,手机银行怎么交生活费用,什么是建房批文,想开电话银行,想开龙支付,想开一下龙支付,龙支付是什么,龙支付是啥,什么是龙支付,客服电话,想开一般户,0
手机银行怎么修改预留信息,tfidf,手机银行查贷款信息,手机银行转账额度修改,修改密码,手机银行服务,关闭手机银行,不用手机银行,,,,,,,手机银行功能,手机银行功能介绍,修改手机银行或网银密码,修改手机银行转账额度限制,修改手机银行或者网银密码,手机银行安全性,密码修改,手机银行安全,0
PAD银行转账到账时间,topic,电话银行转账限额,短信银行转账,短信银行转账收多少钱,电话银行转账的额度上线,手机银行转账限额,电话银行的转账限额是多少,电话银行的转账额度是多少,通过电话银行转账,手机银行怎么转账,电话银行转账功能,手机银行能不能转账,短信银行转账收费标准,电话银行能不能转账,电话银行怎么转账,电话银行转账,短信银行转账费用,电话银行可以转账吗,电话银行怎么办转账,电话银行转账的额度限制,手机银行转账,0
PAD银行转账到账时间,dssm,提公积金交单位房的房租要准备哪些材料,TTY,补办U盾,补办一下U盾,公积金微信公众号上我的电话号有误,《就业创业证》在哪里领,客服联系方式,我在公积金微信公众号上得电话号有误,啥叫智慧柜员机,提取公积金用于租房要准备哪些资料,提取公积金用于租房要准备哪些材料,L6,提公积金交单位房房租要准备哪些资料,预约了房屋加建公积金提取,测试重复问题-信用卡-北京11,租单位房，提取公积金的材料,租房自住提取公积金的申请材料,提取公积金用于租单位房要准备哪些材料,测试重复问题-信用卡-北京,QYH,0
PAD银行转账到账时间,tfidf,短信银行转账,短信银行转账收费,电话银行转账功能,电话银行怎么办转账,怎么办短信银行,短信银行功能,,,,,,,网银转账入账时间,短信银行转账收多少钱,短信银行转账咋收费,短信银行转账收费标准,电话银行转账,网银转账,手机银行转账,网银转账功能,0
异地支取教育储蓄,topic,异地购房公积金提取，已预约,办理《住房公积金定期转账提取协议书》,领一本《住房公积金定期转账提取协议书》,法人在外地可不可以开立对公账户,法人在外地能否开立对公账户,异地房产的公积金申请材料,外地房产的公积金申请材料,怎么领《住房公积金定期转账提取协议书》,《住房公积金定期转账提取协议书》在哪里领,网银办理活期转定期,法人在外地可不可以办对公户,法人在外地能否办对公户,办理异地购房提取公积金，已预约,领取《住房公积金定期转账提取协议书》,预约了公积金的异地购房首次提取,我要领《住房公积金定期转账提取协议书》,法人在外地可不可以开立对公户,法人在外地能否开立对公户,我来领《住房公积金定期转账提取协议书》,领一下《住房公积金定期转账提取协议书》,0
异地支取教育储蓄,dssm,哪里找叫号机,我不知道叫号机,手机银行怎么交保险费,手机银行交保险费,手机银行怎么交保费,手机银行交保费,想开一般户,龙支付是什么,什么是龙支付,龙支付是啥,客服电话,手机银行交水电煤气费,不知道什么是叫号机,叫号机什么样子的,叫号机,什么是叫号机,叫号机位置,手机银行交电费,手机银行的安全性如何,手机银行交煤气费,0
异地支取教育储蓄,tfidf,异地房产申请材料,异地房产公积金申请材料,法人在异地办理一般存款账户,法人在异地开通基本户,异地房产公积金提取材料,法人在异地开通一般存款账户,,,,,,,法人在异地申请基本户,法人在异地开基本户,法人在异地开一般存款账户,法人在异地开立基本户,法人在异地开立一般存款账户,法人在异地办基本户,法人在异地申请一般存款账户,法人在异地办理基本户,0
乐当家理财卡可以存入的存款种类,topic,《住房公积金定期转账提取协议书》在哪里领,怎么领《住房公积金定期转账提取协议书》,网银办理活期转定期,帮别人办公积金提取怎么开立短信银行功能,法人在外地可不可以开立对公账户,法人在外地能否开立对公账户,法人在外地能否开立对公户,法人在外地可不可以开立对公户,法人在外地怎么能够开立对公账户,我要打印单位部分的公积金缴存证明,怎么打印公积金单位缴存部分的证明,法人在外地怎么能够开立对公户,我来领《住房公积金定期转账提取协议书》,领一本《住房公积金定期转账提取协议书》,领一下《住房公积金定期转账提取协议书》,领取《住房公积金定期转账提取协议书》,通过网银把活期转到定期,在网银上把活期转到定期,我要领《住房公积金定期转账提取协议书》,办理《住房公积金定期转账提取协议书》,0
乐当家理财卡可以存入的存款种类,dssm,提公积金能不能不预约,不预约能不能提公积金,能否指导我汇缴公积金,是否能够指导我汇缴公积金,可不可以指导我汇缴公积金,能不能指导我汇缴公积金,能否汇缴公积金,是否能够汇缴公积金,能不能汇缴公积金,可不可以汇缴公积金,是否能够指导我缴公积金,可不可以指导我缴公积金,能不能不预约提公积金,可不可以不预约直接提公积金,我预约了今天提公积金,提公积金非得要预约吗,预约了提公积金,预约了拿公积金,怎么预约公积金,公积金汇缴业务,0
乐当家理财卡可以存入的存款种类,tfidf,测试重复问题信用卡北京11,,,,,,,,,,,,,,,,,,,,0
手机银行转账限额额度,topic,网银转账限额,网银转账限额调整,网银转账的额度上线,网银的转账限额是多少,网银的转账额度是多少,网银怎么转账,网银转账,网银可以转账吗,网银转账多久能收到钱,网银转账多长时间能收到钱,通过网银转账,网银转账多长时间能到账,提高网银转账限额,降低网银转账限额,网银转账限额修改,网银转账的额度限制,修改网银转账额度限制,提高网银转账额度限制,降低网银转账额度限制,改一下网银转账限额,0
手机银行转账限额额度,dssm,客服电话,注销电话银行,想开一般户,我要领《就业失业手册》,领一下《就业失业手册》,怎么领《就业失业手册》,建房批文是啥,建房批文是什么,什么是建房批文,想开基本户,手机银行怎么交生活费用,不用手机银行了,想开建行卡,想开龙支付,想开一下龙支付,龙支付是啥,龙支付是什么,什么是龙支付,想开电话银行,想开一下电话银行,0
手机银行转账限额额度,tfidf,手机银行转账额度,手机银行转账额度上线,手机银行转账功能,降低手机银行转账额度限制,提高手机银行转账额度限制,修改手机银行转账额度限制,,,,,,,手机银行转账额度多少,手机银行转账额度调整,改手机银行转账额度,降低手机银行转账额度,提高手机银行转账额度,手机银行转账额度修改,手机银行转账额度限制,手机银行转账,0
存折取款有手续费吗,topic,丢了公积金存折,公积金存折丢了,怎么领《住房公积金定期转账提取协议书》,网银办理活期转定期,找不到我的公积金存折了,办理《住房公积金定期转账提取协议书》,在网银上把活期转到定期,通过网银把活期转到定期,网银的转账限额是多少,网银的转账额度是多少,网银转账的额度限制,降低网银转账额度限制,领取《住房公积金定期转账提取协议书》,我来领《住房公积金定期转账提取协议书》,《住房公积金定期转账提取协议书》在哪里领,领一本《住房公积金定期转账提取协议书》,领一下《住房公积金定期转账提取协议书》,公积金存折修丢失,我要领《住房公积金定期转账提取协议书》,公积金存折找不到了,0
存折取款有手续费吗,dssm,叫号机在什么地方,不想用手机银行了,建房批文是什么,哪里找叫号机,叫号机什么样子的,手机银行的安全性如何,想开基本户,龙支付定义,怎么领《就业失业手册》,领一下《就业失业手册》,我要领《就业失业手册》,想开电话银行,手机银行可以交保费吗,手机银行可以交保险费吗,想开一般户,想开建行卡,想开一下黄金账户,想开黄金账户,建房批文是啥,什么是建房批文,0
存折取款有手续费吗,tfidf,测试重复问题信用卡北京11,,,,,,,,,,,,,,,,,,,,0
修改取款密码怎样操作,topic,我需要修改密码公积金,我要修改银行卡密码,怎么修改密码公积金,重设密码或修改密码,是否能够修改密码公积金,能否帮助我修改密码公积金,可不可以帮助我修改密码公积金,能不能修改密码公积金,密码修改,修改密码,怎样修改密码公积金,我要修改密码公积金,密码重设或者修改,我要修改存折密码,可不可以修改密码公积金,能否修改密码公积金,修改或重置密码,可不可以指导我修改密码公积金,能否指导我修改密码公积金,如何修改密码公积金,0
修改取款密码怎样操作,dssm,叫号机什么样子的,叫号机位置,我不知道叫号机,手机银行怎么交生活费用,哪里找叫号机,想开建行卡,手机银行的安全性如何,我要领《就业失业手册》,什么是叫号机,叫号机,想开一般户,手机银行怎么交交通违章罚款,手机银行怎么交保险费,手机银行交保费,手机银行怎么交保费,手机银行交保险费,手机银行交煤气费,手机银行交电费,手机银行交水电煤气费,不知道什么是叫号机,0
修改取款密码怎样操作,tfidf,修改密码,密码修改,办公积金修改密码,能不能修改密码公积金,办理公积金修改密码,告诉修改密码公积金,,,,,,,修改密码公积金,修改公积金密码,修改存单密码,修改银行卡密码,怎么办公积金修改密码,公积金修改密码业务,怎么办公积金修改密码业务,重设密码或修改密码,0
有哪些比较好的信用卡,topic,我之前有建行的信用卡，现在想办一张储蓄卡,信用卡密码想不起来了,我之前没有建行卡，我目前用身份证可以办理吗帮助我开银行卡,我要办卡，这是身份证,以前开过一个建行的户，现在可以帮助我开一个新的吗,之前没在建行开过户，现在用身份证可以直接开立吗,我有带护照如何办卡,我有带护照是否能够开立银行卡,忘记有没有开过建行的卡，帮我看看,我有带护照可不可以办卡,我有带护照能否办卡,我有带护照是否能够开通银行卡,我之前有建行的储蓄卡，现在还能再开一张吗,记不到信用卡密码了,公积金的微信上我的电话号码是错的,信用卡密码忘了,我之前有建行的储蓄卡，现在还能再多开一个主账户吗,重新设置信用卡密码,公积金的微信上我的电话号码是有误,公积金得微信公众号上我的电话号码是错的,0
有哪些比较好的信用卡,dssm,哪里找叫号机,我不知道叫号机,想开黄金账户,想开建行卡,手机银行怎么交生活费用,手机银行交电费,叫号机位置,手机银行交保费,手机银行交保险费,手机银行怎么交保险费,手机银行怎么交保费,想开基本户,不知道什么是叫号机,领一下《就业失业手册》,怎么领《就业失业手册》,叫号机,什么是叫号机,叫号机什么样子的,我要领《就业失业手册》,想开一下黄金账户,0
有哪些比较好的信用卡,tfidf,测试重复问题信用卡,测试重复问题信用卡北京,重设信用卡密码,记不到信用卡密码,手机银行办理信用卡还款,重新设置信用卡密码,,,,,,,测试重复问题信用卡北京11,信用卡密码想不起来,信用卡密码重设,测试重复问题信用卡上海广州白金会员,测试重复问题信用卡2,手机银行还信用卡,重置信用卡密码,测试重复问题信用卡1,0
网银怎么申请预约挂号,topic,怎么申请网上银行,如何申请网上银行,想申请网银,想申请网上银行,想要申请网银,想要申请网上银行,需要申请网上银行,需要申请网银,可以给我申请网上银行,可以给我申请网银,可不可以帮助我申请网银,可不可以帮助我申请网上银行,如何申请网银,怎么申请网银,怎样申请网上银行,怎样申请网银,要申请网银,要申请网上银行,可不可以给我申请网上银行,可不可以给我申请网银,0
网银怎么申请预约挂号,dssm,客服电话,叫号机什么样子的,建房批文是啥,什么是龙支付,龙支付是啥,龙支付是什么,想开建行卡,手机银行怎么交生活费用,想开龙支付,想开一下龙支付,手机银行交电费,手机银行交水电煤气费,手机银行的安全性如何,想开一下电话银行,想开电话银行,领一下《就业失业手册》,怎么领《就业失业手册》,我要领《就业失业手册》,建房批文是什么,什么是建房批文,0
网银怎么申请预约挂号,tfidf,申请网银,申请网银功能,能告诉申请网银,能指导申请网银,能不能告诉申请网银,能不能指导申请网银,,,,,,,申请个人网银,申请电话预约,申请电话预约功能,申请个人网银功能,能帮申请网银,能给申请网银,能不能帮申请网银,能不能帮助申请网银,0
教育储蓄起存金额是多少,topic,领取《住房公积金定期转账提取协议书》,《住房公积金定期转账提取协议书》在哪里领,怎么打印公积金单位缴存证明,网银的转账限额是多少,网银的转账额度是多少,租单位房子要提取公积金要准备哪些申请材料,本地贷款买房首次公积金提取，已预约,打印公积金缴存证明-单位,办理《住房公积金定期转账提取协议书》,公积金提取-已预约-失业的申请材料,公积金提取-已预约-租单位房的申请材料,在网银上把活期转到定期,怎么领《住房公积金定期转账提取协议书》,我来领《住房公积金定期转账提取协议书》,我要领《住房公积金定期转账提取协议书》,领一本《住房公积金定期转账提取协议书》,领一下《住房公积金定期转账提取协议书》,查一下公积金账户上的余额是多少,我要打印单位部分的公积金缴存证明,怎么打印公积金单位缴存部分的证明,0
教育储蓄起存金额是多少,dssm,手机银行的安全性如何,手机银行交煤气费,领一下《就业失业手册》,怎么领《就业失业手册》,我要领《就业失业手册》,叫号机什么样子的,不知道什么是叫号机,我不知道叫号机,哪里找叫号机,叫号机在什么地方,手机银行怎么交交通违章罚款,不用手机银行了,手机银行怎么交生活费用,手机银行交电费,手机银行交水电煤气费,手机银行交保险费,手机银行怎么交保费,手机银行怎么交保险费,手机银行交保费,客服电话,0
教育储蓄起存金额是多少,tfidf,客户客服电话多少,电话银行转账额度多少,,,,,,,,,,,手机银行转账额度多少,网银转账额度多少,查公积金账户上余额多少,,,,,,0
修改家庭地址（本人）需要什么,topic,是否能够指导我申请电话改密码功能,是否能够告诉我申请电话改密码功能,是否能够给我申请电话改密码,是否能够指导我申请电话查询功能,能不能告诉我申请电话改密码功能,是否能够告诉我申请电话查询功能,是否能够告诉我开立电话改密码功能,是否能够指导我开立电话改密码功能,我没有身份证需要申请户,能不能帮助我申请电话改密码功能,是否能够指导我开一下电话改密码功能,是否能够帮助我开立电话改密码功能,是否能够帮助我申请电话改密码功能,是否能够帮我申请电话改密码功能,是否能够给我申请电话改密码功能,是否能够指导我申请电话改密码,是否能够帮我申请电话改密码,是否能够帮助我申请电话改密码,能不能指导我申请电话改密码功能,是否能够告诉我申请电话改密码,0
修改家庭地址（本人）需要什么,dssm,叫号机在什么地方,手机银行的安全性如何,手机银行可以交保险费吗,想开一下电话银行,想开电话银行,怎么领《就业失业手册》,领一下《就业失业手册》,我要领《就业失业手册》,什么是建房批文,建房批文是什么,建房批文是啥,想开一下龙支付,龙支付定义,我有带护照想开建行卡,想开一般户,想开建行卡,想开基本户,想开黄金账户,想开一下黄金账户,手机银行可以交保费吗,0
修改家庭地址（本人）需要什么,tfidf,密码修改,修改密码,能不能修改密码公积金,法人本人开通一般存款账户,法人本人开通基本户,法人本人办一般存款账户,,,,,,,修改密码公积金,修改银行卡密码,修改存单密码,修改公积金密码,怎么办公积金修改密码,公积金修改密码业务,怎么办公积金修改密码业务,法人本人开基本户,0
大额存单每一期的利率都一样吗,topic,在网银上把活期转到定期,通过网银把活期转到定期,领一本《住房公积金定期转账提取协议书》,租单位房子要提取公积金要准备哪些申请材料,我要打印单位部分的公积金缴存证明,在当地贷款买了房，预约了公积金首次提取,提公积金交单位房的房租要准备哪些材料,怎么打印公积金单位缴存部分的证明,提公积金来租单位房子需要写什么材料,我预约了本地贷款买房首次提公积金，请问怎么办理,提公积金来租单位房子需要写什么资料,公积金存折丢了,找不到我的公积金存折了,《住房公积金定期转账提取协议书》在哪里领,怎么领《住房公积金定期转账提取协议书》,我来领《住房公积金定期转账提取协议书》,领一下《住房公积金定期转账提取协议书》,在广州贷款买的房，预约了公积金首次提取,我要领《住房公积金定期转账提取协议书》,公积金存折找不到了,0
大额存单每一期的利率都一样吗,dssm,注销电话银行,我有带护照怎么办建行卡,我有带护照怎么办卡,我有带护照要办卡,我有带护照是否能够办卡,我有带护照可不可以办卡,我有带护照能不能办卡,我有带护照能否办卡,我有带护照指导我办理建行卡,想开一下黄金账户,想开黄金账户,我有带护照怎么办理建行卡,我有带护照想开建行卡,手机银行的安全性如何,我有带护照指导我办卡,我有带护照需要办卡,我有带护照想要办卡,我有带护照想办卡,我有带护照怎样办卡,我有带护照如何办卡,0
大额存单每一期的利率都一样吗,tfidf,测试重复问题信用卡北京11,,,,,,,,,,,,,,,,,,,,0
基金户怎么注销,topic,网银怎么买基金,网银可不可以买基金,如何申请账户,怎么开立账户变动发短信,如何开立账户变动发短信,法人来不了如何开通对公账户,法人没来如何开通对公账户,法人本人如何开通对公账户,法人本人怎么能够申请对公账户,怎样申请账户变动发短信,法人本人怎么能够开通对公账户,法人来不了怎样申请对公账户,网银可以买基金吗,网银怎么操作基金购买,怎么申请账户变动发短信,如何申请账户变动发短信,法人来不了如何申请对公账户,法人没来如何申请对公账户,法人本人如何申请对公账户,怎么申请账户,0
基金户怎么注销,dssm,客服电话,我不知道叫号机,怎么领《就业失业手册》,领一下《就业失业手册》,什么是龙支付,龙支付是什么,龙支付是啥,想开一般户,想开黄金账户,想开一下黄金账户,叫号机什么样子的,手机银行交电费,不知道什么是叫号机,手机银行的安全性如何,什么是叫号机,叫号机,哪里找叫号机,建房批文是啥,建房批文是什么,什么是建房批文,0
基金户怎么注销,tfidf,注销电话银行,注销网银,手机银行操作基金认购,手机银行能认购基金,换手机号码注销绑定,手机号码改注销绑定,,,,,,,手机银行认购基金,网银认购基金,注销手机绑定,注销短信银行,注销手机号码绑定,注销动账提醒,手机号码变动注销绑定,手机银行能不能认购基金,0
办理共管卡需要带什么,topic,需要办理动账提醒,要办理动账提醒,怎么办理动账提醒,我有带护照需要办理借记卡,我有带护照需要办理卡,能不能指导我办理动账提醒,需要办理一般户,想办理动账提醒,可以指导我办理动账提醒,想要办理动账提醒,可以帮助我办理动账提醒,需要办理基本户,首次办理建行开户，我带了身份证，需要怎么办理,可以给我办理动账提醒,能不能给我办理动账提醒,需要办一下动账提醒,是否能够给我办理动账提醒,怎样办理动账提醒,我有带护照需要办理户,如何办理动账提醒,0
办理共管卡需要带什么,dssm,手机银行的安全性如何,什么是叫号机,哪里找叫号机,叫号机位置,手机银行交煤气费,手机银行怎么交生活费用,想开基本户,想开一下黄金账户,想开黄金账户,想开电话银行,想开一下电话银行,想开建行卡,叫号机,叫号机什么样子的,不知道什么是叫号机,我不知道叫号机,我要领《就业失业手册》,领一下《就业失业手册》,怎么领《就业失业手册》,客服电话,0
办理共管卡需要带什么,tfidf,首次办理建行开户带身份证办理,带护照办理建行卡,带护照办理银行卡,带身份证给办理储蓄卡,带身份证给办理银行卡,带身份证帮办理银行卡,,,,,,,带身份证办理账户,带身份证办理建行卡,带身份证办理银行卡,带护照办理储蓄卡,带身份证办理储蓄卡,带身份证办理卡,带护照办理卡,带护照办理账户,0
介绍一下房装修贷款,topic,网银会丢钱吗,网银交水费,我想要办存公积金,想要办龙支付,一类户和二类户介绍,我想办存公积金,这里可以办存公积金吗,这里可以办缴公积金吗,告诉我如何办存公积金,告诉我如何办缴公积金,我要办缴公积金,我要办存公积金,网银交煤气费,如何办龙支付,怎样办龙支付,二类户介绍,一类户介绍,网银能查明细吗,网银办黄金定投,我想要办缴公积金,0
介绍一下房装修贷款,dssm,想开一下黄金账户,想开黄金账户,不用手机银行了,我要领《就业失业手册》,叫号机位置,想开一般户,建房批文是啥,什么是建房批文,建房批文是什么,手机银行怎么交生活费用,想开基本户,手机银行交保费,怎么领《就业失业手册》,领一下《就业失业手册》,叫号机,什么是叫号机,哪里找叫号机,客服电话,我不知道叫号机,不知道什么是叫号机,0
介绍一下房装修贷款,tfidf,租赁对公房提取公积金材料,在异地认购房预约公积金提取,不在广州认购房预约公积金提取,在广州认购拍卖房预约公积金首次提取,在本地认购拍卖房预约公积金首次提取,在本地贷款认购房预约公积金首次提取,,,,,,,公积金提取已预约购房异地房,提公积金交单位房房租准备资料,提取公积金用于租赁对公房准备资料,提公积金交单位房房租准备材料,提取公积金用于租赁对公房准备材料,公积金提取已预约租赁对公房申请材料,在本地认购房预约公积金首次提取,在广州认购房预约公积金首次提取,0
II类账户怎么申请开通,topic,二类账户怎么申请开通,一类账户可以申请多个吗,已有一类户，怎样开立一个新的主账户,有带军官证/武警证想开通账户,有带军官证/武警证要开通账户,一类户和二类户有什么不同,一类户、二类户是不是有哪些不同的意思,一类户与二类户一样吗,一二类户是否相同,一类户和二类户介绍,什么是二类户,什么是一类户,一类账户和二类账户有什么区别,I类账户和II类账户有什么区别啊,我要申请第二个I类账户可以吗,一二类账户介绍,主账户和二类账户有哪些区别,一类户和二类户是不是不一样呢,我之前有建行的账户，想申请多开个一类户,我开个II类账户,0
II类账户怎么申请开通,dssm,公积金提取-已预约-购房（本地）-非首次提取,预约了本地购房公积金非首次提取,QYH,我来领《补缴批处理文件》,公积金提取-已预约-建房或房屋翻新,未换号解绑手机设备,预约了房屋加建公积金提取,怎么用微信预约公积金提取,能预约什么时间段来提取公积金,微信公众号预约公积金提取,客服人员电话,办理本地拍卖买房首次提取公积金，已预约,预约了本地购房首次提取公积金,本地购房首次公积金提取，已预约,公积金提取-已预约-购房（本地，首次提取）,本地拍卖买房首次公积金提取，已预约,办理本地购房首次提取公积金，已预约,怎么通过微信公众号预约公积金提取,预约了公积金的异地购房首次提取,我预约了本地购房首次提公积金，请问怎么办理,0
II类账户怎么申请开通,tfidf,2类账户申请开通,开通账户,能不能申请账户,指导申请账户,开通对公账户,告诉开通账户,,,,,,,申请账户,给申请账户,帮助申请账户,身份证开通账户,帮开通账户,能开通账户,能不能开通账户,能申请账户,0
代办换折业务,topic,办对公业务,我想办对公业务,想办公积金业务,我想办一下对公业务,办一下公积金业务,想要办公积金业务,公积金交费业务,能不能办公积金业务,想办存公积金业务,我想办公积金业务,我要办理对公业务,怎样办一下公积金业务,办一下对公业务,公积金业务,对公业务办理,办理对公业务,我要办对公业务,办公积金业务,如何办公积金业务,怎样办公积金业务,0
代办换折业务,dssm,叫号机在什么地方,手机银行可以交保费吗,想开基本户,想开一下黄金账户,想开黄金账户,想开建行卡,想开电话银行,想开一下电话银行,想开龙支付,想开一下龙支付,龙支付定义,不知道什么是叫号机,手机银行可以交保险费吗,手机银行的安全性如何,客服电话,叫号机什么样子的,想开一般户,建房批文是什么,建房批文是啥,什么是建房批文,0
代办换折业务,tfidf,代办个人账户开户,代办公积金提取,,,,,,,,,,,代办开户带身份证,代办开户未带身份证,代办公积金提取办理短信银行功能,代办提公积金开通短信银行功能,代办提取公积金开短信银行功能,申请开卡本人没来能代办,,,0
哪里可查询建行的服务价目表,topic,怎么通过网银查询明细,可不可以帮助我开立电话查询功能,是否能够给我开立电话查询功能,是否能够帮助我打印公积金缴费记录,是否能够帮助我开立电话查询功能,可不可以帮助我开通电话查询功能,可不可以指导我开通电话查询功能,能不能帮助我办一下打印公积金缴费记录,可以指导我开立电话查询功能,能不能指导我开立电话查询功能,能不能帮助我开立电话查询,是否能够帮助我办打印公积金缴费记录,怎么通过网银查询贷款信息,可以帮助我开立电话查询功能,可不可以给我开立电话查询功能,可不可以指导我开立电话查询功能,能不能帮助我开立电话查询功能,是否能够帮助我办一下打印公积金缴费记录,可以给我开立电话查询功能,能不能给我开立电话查询功能,0
哪里可查询建行的服务价目表,dssm,领取《就业失业手册》,手机银行的安全性如何,我来领《就业失业手册》,想开一下电话银行,想开电话银行,客服电话,想开建行卡,想开黄金账户,想开一下黄金账户,想开基本户,建房批文是啥,什么是建房批文,龙支付是什么,什么是龙支付,龙支付是啥,想开一下龙支付,想开龙支付,手机银行可以交保费吗,手机银行可以交保险费吗,想开一般户,0
哪里可查询建行的服务价目表,tfidf,建行上市,建行上市公司,查询公积金余额,想开电话查询,自助机在哪里,办理电话查询,,,,,,,网银服务,手机银行服务,怎么办电话查询,怎么办电话查询功能,网银便捷服务,短信银行服务,开建行龙卡,手机银行便捷服务,0
境内银行给境外银行转账的方法,topic,手机银行会丢钱吗,电话银行怎么转账,手机银行怎么交交通违章罚款,手机银行能不能转账,电话银行转账功能,手机银行可以转账吗,短信银行转账,手机银行交气费,手机银行缴气费,电话银行怎么办转账,电话银行转账的额度限制,手机银行转账功能,通过手机银行转账,电话银行能不能转账,通过电话银行转账,手机银行怎么转账,电话银行可以转账吗,手机银行怎么操作黄金购定投,手机银行转账,电话银行转账,0
境内银行给境外银行转账的方法,dssm,注销电话银行,我有带护照想开建行卡,手机银行怎么缴保险费,手机银行缴保险费,手机银行怎么缴生活费用,我来领《就业失业手册》,我有带护照是否能够办建行卡,我有带护照可不可以办建行卡,我有带护照能不能办建行卡,我有带护照能否办建行卡,我用我身份证给家里老人办卡,我有带护照指导我办建行卡,注销动账提醒,手机银行可以缴保险费吗,手机银行可以缴保费吗,我有带护照帮助我办建行卡,手机银行缴水电煤气费,手机银行缴电费,手机银行缴煤气费,手机银行怎么缴保费,0
境内银行给境外银行转账的方法,tfidf,短信银行转账,给开立银行账户,能不能给办短信银行,能给办短信银行,身份证给开立银行账户,能给开立短信银行,,,,,,,短信银行转账收费,短信银行转账咋收费,能不能给开通短信银行,短信银行转账收多少钱,能不能给开短信银行,能不能给办理短信银行,能不能给申请短信银行,能不能给开立短信银行,0
微信公众号可以激活卡吗,topic,怎么通过微信公众号预约公积金提取,可不可以帮助我开立出账短信提示功能,可不可以指导我开立出账短信提示功能,可不可以告诉我开通出账短信提示功能,网银可以交话费吗,怎么用微信预约公积金提取,可不可以指导我开通出账短信提示功能,可不可以帮助我开一下入账短信提示功能,可不可以给我开一下入账短信提示功能,可不可以告诉我开立短信提示功能,可不可以给我开立短信提示功能,能否开通建行卡,我没有身份证可不可以开通建行卡,我没有身份证能否开通建行卡,可不可以告诉我开立出账短信提示功能,能否申请建行卡,可不可以申请建行卡,可不可以给我开立出账短信提示功能,可不可以帮助我开立短信提示功能,可不可以帮助我开通出账短信提示功能,0
微信公众号可以激活卡吗,dssm,手机银行的安全性如何,叫号机什么样子的,不知道什么是叫号机,手机银行交电费,手机银行交煤气费,想开一下黄金账户,想开黄金账户,手机银行怎么交生活费用,叫号机,什么是叫号机,想开一般户,手机银行怎么交交通违章罚款,领一下《就业失业手册》,怎么领《就业失业手册》,哪里找叫号机,叫号机位置,手机银行交水电煤气费,我要领《就业失业手册》,客服电话,我不知道叫号机,0
微信公众号可以激活卡吗,tfidf,微信公众号预约公积金提取,通过微信公众号预约公积金提取,想开卡,换卡,在公积金微信公众号上得电话号不对,在公积金微信公众号上得电话号有误,,,,,,,公积金微信公众号上电话号不对,公积金得微信公众号上电话号错,公积金微信公众号上电话号有误,公积金得微信公众号上电话号有误,开通卡,办理卡,申请卡,开卡,0
信用卡分期能提前还款吗,topic,我之前有建行的信用卡，现在想办一张储蓄卡,网银可以缴保费吗,如何办卡,重置信用卡密码,是否能够帮我开立入账短信提示,首次申请建行储蓄卡有身份证就可以吗,是否能够给我开立入账短信提示,能否办卡,可不可以办卡,能不能帮我开立入账短信提示,可不可以给我开立入账短信提示,网银可以交保费吗,网银可以缴话费吗,网银可以缴保险费吗,改一下网银转账限额,网银的转账限额是多少,网银的转账额度是多少,我要开建行龙卡,信用卡密码想不起来了,网银可以交话费吗,0
信用卡分期能提前还款吗,dssm,叫号机什么样子的,注销电话银行,我要领《就业失业手册》,手机银行交水电煤气费,想开一下黄金账户,想开黄金账户,怎么领《就业失业手册》,领一下《就业失业手册》,想开一般户,手机银行交电费,想开一下电话银行,想开电话银行,叫号机位置,不知道什么是叫号机,我不知道叫号机,什么是叫号机,叫号机,我有带护照想开建行卡,哪里找叫号机,想开基本户,0
信用卡分期能提前还款吗,tfidf,手机银行能给信用卡还款,测试重复问题信用卡北京11,能申请建行卡,能办理建行卡,能开通建行卡,重设信用卡密码,,,,,,,能开户,能办卡,能开卡,测试重复问题信用卡北京,测试重复问题信用卡,重置信用卡密码,手机银行能转账,能办建行卡,0
信用卡附属卡开卡未成年怎么办,topic,我之前有建行的信用卡，现在想办一张储蓄卡,有身份证可不可以开卡,有身份证想要开卡,我没有身份证可不可以开卡,我没有身份证能否开卡,有身份证怎样开卡,我没有身份证如何开卡,我没有身份证怎么开卡,如何开卡,怎么开卡,忘记带身份证能否开卡,忘记带身份证可不可以开卡,有身份证能否开卡,怎样开卡,给别人开卡,可不可以开卡,能否开卡,想要开卡,有身份证如何开卡,有身份证怎么开卡,0
信用卡附属卡开卡未成年怎么办,dssm,测试,L6,哪里找叫号机,手机银行交水电煤气费,手机银行交电费,领一下《就业失业手册》,怎么领《就业失业手册》,手机银行交煤气费,我要领《就业失业手册》,L5,手机银行怎么交生活费用,手机银行怎么交保费,手机银行的安全性如何,叫号机长什么样,叫号机什么样子的,叫号机,什么是叫号机,我不知道叫号机,不知道什么是叫号机,叫号机位置,0
信用卡附属卡开卡未成年怎么办,tfidf,开卡,测试重复问题信用卡北京11,能不能开卡,给开卡,帮别人开卡,代妈开卡,,,,,,,身份证开卡,测试重复问题信用卡北京,测试重复问题信用卡,帮助开卡,指导开卡,能开卡,告诉开卡,帮开卡,0
银星国际速汇相关,topic,有带军官证/武警证帮助我开立建行卡,有带军官证/武警证指导我开立建行卡,有带军官证/武警证想要开立建行卡,是否能够指导我办一下公积金缴存证明打印业务,有带军官证/武警证给我开立建行卡,法人在外地怎么能够开通对公户,是否能够指导我办公积金缴存证明打印业务,有带军官证/武警证需要开立建行卡,有带军官证/武警证帮我开立建行卡,是否能够帮助我办理公积金缴存证明打印业务,有带军官证/武警证是否能够开通银行卡,有带军官证/武警证怎样开立银行卡,有带军官证/武警证是否能够开立银行卡,怎么打印公积金单位缴存部分的证明,是否能够帮助我办一下公积金缴存证明打印业务,有带军官证/武警证指导我开立银行卡,有带军官证/武警证如何开立银行卡,有带军官证/武警证怎么开立银行卡,是否能够帮助我办公积金缴存证明打印业务,有带军官证/武警证帮助我开立银行卡,0
银星国际速汇相关,dssm,想开建行卡,想开一下电话银行,手机银行交煤气费,什么是龙支付,龙支付是啥,龙支付是什么,想开黄金账户,想开一下黄金账户,不用手机银行了,手机银行交电费,不知道什么是叫号机,我不知道叫号机,想开电话银行,想开基本户,想开龙支付,想开一下龙支付,客服电话,手机银行怎么交生活费用,想开一般户,叫号机什么样子的,0
银星国际速汇相关,tfidf,测试重复问题信用卡北京11,,,,,,,,,,,,,,,,,,,,0
手机银行转账还款到账要多久,topic,网银转账多长时间能到账,网银转账多久能到账,网银转账限额调整,网银转账多长时间能收到钱,网银的转账限额是多少,网银的转账额度是多少,通过网银转账多久能到账,网银转账的额度限制,修改网银转账额度限制,怎样开立入账短信提示,降低网银转账额度限制,如何开立入账短信提示,网银转账限额,改一下网银转账限额,网银转账限额修改,网银转账多久能收到钱,降低网银转账限额,网银转账的额度上线,提高网银转账限额,网银转账到账时间,0
手机银行转账还款到账要多久,dssm,注销电话银行,想开建行卡,想开黄金账户,不用手机银行了,龙支付是啥,什么是龙支付,龙支付是什么,我要领《就业失业手册》,叫号机什么样子的,什么是建房批文,建房批文是啥,建房批文是什么,想开电话银行,想开一下电话银行,想开龙支付,想开一下龙支付,想开基本户,想开一般户,客服电话,想开一下黄金账户,0
手机银行转账还款到账要多久,tfidf,手机银行转账,手机银行转账功能,改手机银行转账额度,手机银行转账额度限制,提高手机银行转账额度,手机银行转账额度调整,,,,,,,通过手机银行转账,手机银行能转账,手机银行转账额度,手机银行办理转账,手机银行能不能转账,手机银行转账额度修改,手机银行转账额度上线,手机银行转账额度多少,0
